<?xml version="1.0" encoding="UTF-8"?>
<configuration>

  <appender name="consoleAppender" class="ch.qos.logback.core.ConsoleAppender">
    <encoder>
      <!-- %L lowers performance, %C and %c break indentation and therefore reduce readability, normal %t is verbose -->
      <pattern>%d{HH:mm:ss.SSS} [%-12.12t] %-5p %m%n</pattern>
    </encoder>
  </appender>
  <appender name="fileAppender" class="ch.qos.logback.core.rolling.RollingFileAppender">
    <file>ipa-web.log</file>
    <rollingPolicy class="ch.qos.logback.core.rolling.FixedWindowRollingPolicy">
      <fileNamePattern>ipa-web.%i.log.zip</fileNamePattern>
      <minIndex>1</minIndex>
      <maxIndex>3</maxIndex>
    </rollingPolicy>
    <triggeringPolicy class="ch.qos.logback.core.rolling.SizeBasedTriggeringPolicy">
      <maxFileSize>5MB</maxFileSize>
    </triggeringPolicy>
    <encoder>
      <pattern>%d{HH:mm:ss.SSS} [%t] %-5p %m%n</pattern>
    </encoder>
  </appender>

  <!-- To override the debug log level from the command line, use the VM option "-Dlogback.level.com.phqtime.phqtimetable=trace" -->
  <logger name="com.phqtime.phqtimetable" level="${logback.level.org.optaplanner:-debug}"/>

  <root level="info">
    <appender-ref ref="consoleAppender" />
    <appender-ref ref="fileAppender" />
  </root>

</configuration>
