<?xml version="1.0" encoding="UTF-8"?>
<solver>
  <!--<environmentMode>FULL_ASSERT</environmentMode>--><!-- To slowly prove there are no bugs in this code -->
  <!--<moveThreadCount>AUTO</moveThreadCount>--><!-- To solve faster by saturating multiple CPU cores -->

  <scanAnnotatedClasses/>

  <scoreDirectorFactory>
    <scoreDrl>com/phqtime/phqtimetable/ScoreRules.drl</scoreDrl>
  </scoreDirectorFactory>

  <termination>
    <minutesSpentLimit>5</minutesSpentLimit>
  </termination>
  
  <constructionHeuristic>
    <constructionHeuristicType>FIRST_FIT_DECREASING</constructionHeuristicType>
  </constructionHeuristic>
  <localSearch>
   <!--<acceptor>-->
      <!--<entityTabuSize>9</entityTabuSize>-->
    <!--</acceptor>-->
    <!--<forager>-->
      <!--<acceptedCountLimit>900</acceptedCountLimit>-->
    <!--</forager>-->
    <!--<acceptor>  -->
      <!--<lateAcceptanceSize>600</lateAcceptanceSize> -->
<!--     </acceptor> -->
<!--     <forager> -->
<!--       <acceptedCountLimit>4</acceptedCountLimit> -->
<!--     </forager> -->
  </localSearch>
</solver>
