<?xml version="1.0" encoding="UTF-8"?>
<solver>
	<!--<environmentMode>FULL_ASSERT</environmentMode> --><!-- To slowly prove there are no bugs in this code -->
	<!--<moveThreadCount>AUTO</moveThreadCount> --><!-- To solve faster by saturating multiple CPU cores -->

	<scanAnnotatedClasses />

	<scoreDirectorFactory>
		<scoreDrl>com/phqtime/phqtimetable/ScoreRules.drl</scoreDrl>
	</scoreDirectorFactory>

	<termination>
		<minutesSpentLimit>1</minutesSpentLimit>
	</termination>

	<constructionHeuristic>
		<constructionHeuristicType>FIRST_FIT_DECREASING</constructionHeuristicType>
	</constructionHeuristic>
	<localSearch>
		<acceptor>
			<simulatedAnnealingStartingTemperature>200hard/200soft</simulatedAnnealingStartingTemperature>
			<entityTabuSize>5</entityTabuSize>
		</acceptor>
		<forager>
			<acceptedCountLimit>1</acceptedCountLimit>
		</forager>
	</localSearch>
</solver>
