﻿Sno,PHQ-9 Score,Practitioner Role,Practitioner Language,Practitioner Gender,Insitution Location,Session Day
1,17,Psychologist,No preference,No preference,Northeast,Monday
2,26,Psychiatrist,No preference,No preference,Northeast,Tuesday
3,26,Psychiatrist,Chinese,No preference,Central,Wednesday
4,27,Psychiatrist,No preference,No preference,East,Thursday
5,17,Psychologist,No preference,No preference,Central,Friday
6,24,Psychiatrist,No preference,No preference,No preference,Saturday
7,18,Psychologist,No preference,No preference,West,Wednesday
8,17,Psychologist,No preference,No preference,Central,Wednesday
9,21,Psychiatrist,No preference,No preference,No preference,Wednesday
10,17,Psychologist,Malay,No preference,Northeast,Thursday
11,27,Psychiatrist,No preference,No preference,No preference,Thursday
12,16,Psychologist,Malay,No preference,East,Thursday
13,24,Psychiatrist,No preference,No preference,Northeast,Thursday
14,25,Psychiatrist,Chinese,No preference,No preference,Friday
15,19,Psychologist,No preference,No preference,West,Saturday
16,14,Counsellor,No preference,No preference,West,Friday
17,15,Psychologist,No preference,No preference,No preference,Friday
18,26,Psychiatrist,Tamil,No preference,East,Friday
19,22,Psychiatrist,No preference,No preference,No preference,Tuesday
20,18,Psychologist,Malay,No preference,No preference,Tuesday
21,25,Psychiatrist,English,Female,Central,Tuesday
22,25,Psychiatrist,No preference,Male,West,Tuesday
23,10,Counsellor,No preference,Female,Central,Tuesday
24,20,Psychiatrist,No preference,No preference,No preference,Tuesday
25,26,Psychiatrist,No preference,No preference,No preference,Monday
26,23,Psychiatrist,No preference,No preference,Central,Monday
27,10,Counsellor,English,Male,No preference,Monday
28,14,Counsellor,No preference,No preference,No preference,Monday
29,12,Counsellor,No preference,No preference,No preference,Monday
30,25,Psychiatrist,No preference,No preference,Central,Monday
31,16,Psychologist,No preference,No preference,Central,Monday
32,24,Psychiatrist,English,No preference,No preference,Monday
33,24,Psychiatrist,No preference,No preference,No preference,Thursday
34,10,Counsellor,No preference,Female,No preference,Friday
35,25,Psychiatrist,No preference,No preference,No preference,Monday
36,25,Psychiatrist,No preference,No preference,No preference,Tuesday
37,20,Psychiatrist,No preference,No preference,No preference,Monday
38,17,Psychologist,No preference,Female,No preference,Tuesday
39,15,Psychologist,No preference,No preference,Central,Monday
40,12,Counsellor,English,No preference,North,Tuesday
41,17,Psychologist,Chinese,Female,No preference,Monday
42,11,Counsellor,No preference,No preference,No preference,Tuesday
43,24,Psychiatrist,Tamil,No preference,No preference,Wednesday
44,26,Psychiatrist,No preference,No preference,East,Thursday
45,13,Counsellor,No preference,No preference,North,Friday
46,15,Psychologist,No preference,No preference,No preference,Thursday
47,20,Psychiatrist,English,No preference,East,Friday
48,23,Psychiatrist,No preference,No preference,East,Thursday
49,24,Psychiatrist,No preference,No preference,No preference,Friday
50,17,Psychologist,No preference,No preference,No preference,Wednesday
51,15,Psychologist,No preference,No preference,No preference,Saturday
52,12,Counsellor,No preference,No preference,No preference,Monday
53,11,Counsellor,No preference,No preference,No preference,Wednesday
54,16,Psychologist,Chinese,Male,East,Monday
55,26,Psychiatrist,English,No preference,East,Wednesday
56,20,Psychiatrist,No preference,No preference,No preference,Saturday
57,27,Psychiatrist,No preference,Female,No preference,Monday
58,23,Psychiatrist,English,No preference,Northeast,Wednesday
59,23,Psychiatrist,No preference,No preference,Northeast,Tuesday
60,18,Psychologist,Malay,No preference,North,Saturday
61,15,Psychologist,No preference,No preference,No preference,Monday
62,23,Psychiatrist,No preference,No preference,West,Wednesday
63,26,Psychiatrist,No preference,No preference,East,Monday
64,27,Psychiatrist,No preference,No preference,Central,Wednesday
65,23,Psychiatrist,No preference,No preference,West,Monday
66,24,Psychiatrist,No preference,No preference,North,Tuesday
67,12,Counsellor,No preference,No preference,Northeast,Friday
68,11,Counsellor,No preference,No preference,East,Monday
69,16,Psychologist,Chinese,No preference,North,Monday
70,24,Psychiatrist,No preference,No preference,West,Friday
71,10,Counsellor,No preference,Female,Northeast,Monday
72,23,Psychiatrist,No preference,No preference,Central,Thursday
73,20,Psychiatrist,No preference,No preference,East,Thursday
74,27,Psychiatrist,Chinese,No preference,Northeast,Friday
75,13,Counsellor,Chinese,No preference,North,Tuesday
76,13,Counsellor,No preference,No preference,Central,Wednesday
77,25,Psychiatrist,No preference,No preference,West,Friday
78,15,Psychologist,English,No preference,West,Monday
79,11,Counsellor,Tamil,No preference,East,Friday
80,18,Psychologist,Tamil,No preference,Central,Monday
81,20,Psychiatrist,No preference,No preference,North,Saturday
82,19,Psychologist,No preference,No preference,Northeast,Saturday
83,18,Psychologist,No preference,No preference,North,Monday
84,14,Counsellor,No preference,No preference,East,Monday
85,24,Psychiatrist,No preference,Female,Central,Monday
86,17,Psychologist,English,No preference,North,Monday
87,14,Counsellor,No preference,No preference,North,Tuesday
88,25,Psychiatrist,No preference,No preference,North,Wednesday
89,18,Psychologist,No preference,No preference,Central,Monday
90,10,Counsellor,No preference,No preference,West,Monday
91,11,Counsellor,No preference,Female,Central,Saturday
92,14,Counsellor,No preference,No preference,West,Monday
93,20,Psychiatrist,No preference,No preference,Northeast,Wednesday
94,20,Psychiatrist,No preference,No preference,Central,Friday
95,21,Psychiatrist,No preference,No preference,North,Wednesday
96,20,Psychiatrist,No preference,No preference,Central,Monday
97,12,Counsellor,No preference,No preference,West,Saturday
98,14,Counsellor,Malay,No preference,Northeast,Thursday
99,27,Psychiatrist,No preference,No preference,North,Tuesday
100,10,Counsellor,No preference,No preference,Central,Saturday
101,21,Psychiatrist,No preference,Female,West,Monday
102,10,Counsellor,No preference,No preference,East,Wednesday
103,15,Psychologist,English,No preference,Northeast,Thursday
104,20,Psychiatrist,No preference,No preference,North,Tuesday
105,27,Psychiatrist,Tamil,No preference,Northeast,Saturday
106,20,Psychiatrist,No preference,No preference,West,Thursday
107,17,Psychologist,No preference,Female,East,Tuesday
108,19,Psychologist,No preference,No preference,Central,Friday
109,14,Counsellor,No preference,No preference,Central,Wednesday
110,18,Psychologist,English,No preference,Central,Friday
111,16,Psychologist,No preference,No preference,Central,Wednesday
112,20,Psychiatrist,Chinese,No preference,North,Monday
113,13,Counsellor,No preference,No preference,East,Tuesday
114,25,Psychiatrist,English,No preference,North,Thursday
115,16,Psychologist,Tamil,Male,Northeast,Tuesday
116,16,Psychologist,No preference,No preference,Central,Monday
117,24,Psychiatrist,No preference,No preference,West,Wednesday
118,23,Psychiatrist,Malay,No preference,West,Monday
119,25,Psychiatrist,No preference,No preference,North,Friday
120,22,Psychiatrist,No preference,No preference,West,Wednesday
121,27,Psychiatrist,No preference,No preference,East,Friday
122,12,Counsellor,Chinese,No preference,East,Monday
123,15,Psychologist,No preference,No preference,West,Friday
124,18,Psychologist,Chinese,No preference,Central,Monday
125,17,Psychologist,No preference,Male,West,Monday
126,24,Psychiatrist,No preference,No preference,Northeast,Tuesday
127,10,Counsellor,Chinese,No preference,North,Monday
128,22,Psychiatrist,No preference,No preference,Central,Tuesday
129,20,Psychiatrist,English,No preference,Northeast,Friday
130,12,Counsellor,Tamil,No preference,Central,Monday
131,26,Psychiatrist,English,No preference,Central,Saturday
132,24,Psychiatrist,Tamil,No preference,Northeast,Monday
133,22,Psychiatrist,No preference,Female,East,Friday
134,12,Counsellor,No preference,No preference,West,Wednesday
