﻿Sno,Practitioner Name,Practitioner Role,"Practitioner 
Unavailability
Mon","Practitioner Unavailability
Tue","Practitioner Unavailability
Wed","Practitioner Unavailability
Thur","Practitioner Unavailability
Fri","Practitioner Unavailability
Sat","Practitioner Unavailability
Sun","Practitioner 
Language","Practitioner 
Gender","Practitioner 
Cost",Insitution Name,Insitution Type,Insitution Location,Location of insitutions,,,,,,,,,,,,,,
1,Ms Pearl Chua,Counsellor,,,,,,08:00-17:00,08:00-17:00,Chinese,Female,80,Psychological Services Unit - AMKFSC Community Services,Community Partners,Northeast,223D Compassvale Walk #01-673 Singapore 544223,,,,,,,,,,,,,,
2,Ms Nur Hilyah Bte Saparin,Counsellor,08:00-17:00,15:00-17:00,15:00-17:00,15:00-17:00,13:00-17:00,08:00-17:00,08:00-17:00,Malay,Female,80,Psychological Services Unit - AMKFSC Community Services,Community Partners,Northeast,223D Compassvale Walk #01-673 Singapore 544223,,,,,,,,,,,,,,
3,Dr Terence Yow,Counsellor,08:00-17:00,08:00-17:00,13:00-17:00,08:00-17:00,08:00-17:00,08:00-17:00,08:00-17:00,Chinese,Male,120,Psychological Services Unit - AMKFSC Community Services,Community Partners,Northeast,223D Compassvale Walk #01-673 Singapore 544223,,,,,,,,,,,,,,
4,Ms Roxanne Koh,Counsellor,,,,,,08:00-17:00,08:00-17:00,Chinese,Female,80,MindCare - AMKFSC Community Services,Community Partners,Northeast,643 Ang Mo Kio Ave 5 #01-3001 S560643,,,,,,,,,,,,,,
5,Ms Sharon Ng,Counsellor,08:00-17:00,13:00-17:00,13:00-17:00,13:00-17:00,08:00-17:00,08:00-17:00,08:00-17:00,Chinese,Female,80,MindCare - AMKFSC Community Services,Community Partners,Northeast,643 Ang Mo Kio Ave 5 #01-3001 S560643,,,,,,,,,,,,,,
6,Ms Denise Yap,Counsellor,08:00-10:00,,08:00-10:00,08:00-10:00,08:00-10:00,08:00-10:00 13:00-15:00,08:00-17:00,Chinese,Female,80,C3 Counselling Services - Calvary Community Care,Community Partners,Central,147 Potong Pasir Ave 1 #02-83 Singapore 350147,,,,,,,,,,,,,,
7,Ms Alice Liang,Counsellor,,,,,,08:00-17:00,08:00-17:00,Chinese,Female,80,Clinical and Counselling Services - Shan You,Community Partners,Central,5 Upper Boon Keng Rd Multi-storey car park #02-15 Singapore 380005,,,,,,,,,,,,,,
8,Ms Chin Ga Li,Counsellor,,,,,,08:00-17:00,08:00-17:00,Chinese,Female,80,Clinical and Counselling Services - Shan You,Community Partners,Central,5 Upper Boon Keng Rd Multi-storey car park #02-15 Singapore 380005,,,,,,,,,,,,,,
9,Mr Ng Wei Xin,Counsellor,,,,,,08:00-17:00,08:00-17:00,Chinese,Male,80,Clinical and Counselling Services - Shan You,Community Partners,Central,5 Upper Boon Keng Rd Multi-storey car park #02-15 Singapore 380005,,,,,,,,,,,,,,
10,Ms Jace Loi,Counsellor,,,,,,08:00-17:00,08:00-17:00,Chinese,Female,80,Clinical and Counselling Services - Shan You,Community Partners,Central,5 Upper Boon Keng Rd Multi-storey car park #02-15 Singapore 380005,,,,,,,,,,,,,,
11,Mr Warton Ong,Counsellor,08:00-17:00,08:00-12:00,,,,,,Chinese,Male,80,Counselling Services - Singapore Counselling Centre,Community Partners,Central,51 Cuppage Rd #03-03 S229469,,,,,,,,,,,,,,
12,Ms Rafeah Binte Buang,Counsellor,,08:00-17:00,08:00-12:00,,,,,Malay,Female,80,Counselling Services - Singapore Counselling Centre,Community Partners,Central,51 Cuppage Rd #03-03 S229469,,,,,,,,,,,,,,
13,Ms Grace Chan,Counsellor,,,08:00-17:00,08:00-12:00,,,,Chinese,Female,80,Counselling Services - Singapore Counselling Centre,Community Partners,Central,51 Cuppage Rd #03-03 S229469,,,,,,,,,,,,,,
14,Mrs Raj,Counsellor,,,,08:00-17:00,08:00-12:00,,,Tamil,Female,80,Counselling Services - Singapore Counselling Centre,Community Partners,Central,51 Cuppage Rd #03-03 S229469,,,,,,,,,,,,,,
15,Ms Mary Baker,Counsellor,,,,08:00-12:00,08:00-17:00,,,English,Female,80,Counselling Services - Singapore Counselling Centre,Community Partners,Central,51 Cuppage Rd #03-03 S229469,,,,,,,,,,,,,,
16,Ms Emily Tan,Counsellor,08:00-17:00,08:00-12:00,,,,,,Chinese,Female,80,Counselling Services - Singapore Counselling Centre,Community Partners,Central,51 Cuppage Rd #03-03 S229469,,,,,,,,,,,,,,
17,Mr John Wee,Counsellor,,,08:00-17:00,,,08:00-17:00,08:00-17:00,Chinese,Male,80,Insight Centre Counselling & Support Services - Singapore Association for Mental Health,Community Partners,Central,SAMH Insight Centre 69 Lorong 4 Toa Payoh #01-365 S350139,,,,,,,,,,,,,,
18,Mr Liu Teck Boon,Psychologist,,,08:00-17:00,,,08:00-17:00,08:00-17:00,Chinese,Male,100,Insight Centre Counselling & Support Services - Singapore Association for Mental Health,Community Partners,Central,SAMH Insight Centre 69 Lorong 4 Toa Payoh #01-365 S350139,,,,,,,,,,,,,,
19,Dr Chai Suet Bin,Psychiatrist,15:00-17:00,08:00-17:00,08:00-17:00,08:00-17:00,08:00-17:00,08:00-17:00,08:00-17:00,Chinese,Female,120,Mental Health (Psychology) Services - National Healthcare Group Polyclinics - Ang Mo Kio,Polyclinic,Northeast,21 Ang Mo Kio Central 2 S569666,,,,,,,,,,,,,,
20,Dr Chan Chun Ting Tommy,Psychiatrist,08:00-17:00,15:00-17:00,08:00-17:00,08:00-17:00,08:00-17:00,08:00-17:00,08:00-17:00,Chinese,Male,120,Mental Health (Psychology) Services - National Healthcare Group Polyclinics - Hougang,Polyclinic,Northeast,89 Hougang Ave 4 S538829,,,,,,,,,,,,,,
21,Dr Chan Yi Wen Christopher,Psychiatrist,08:00-17:00,08:00-17:00,08:00-17:00,15:00-17:00,08:00-17:00,08:00-17:00,08:00-17:00,Chinese,Male,120,Mental Health (Psychology) Services - National Healthcare Group Polyclinics - Toa Payoh,Polyclinic,Central,2003 Toa Payoh Lor 8 S319260,,,,,,,,,,,,,,
22,Dr Cheow Enquan,Psychiatrist,08:00-17:00,08:00-17:00,08:00-17:00,08:00-17:00,15:00-17:00,08:00-17:00,08:00-17:00,Chinese,Male,120,Mental Health (Psychology) Services - National Healthcare Group Polyclinics - Woodlands,Polyclinic,North,10 Woodlands St 31 S738579,,,,,,,,,,,,,,
23,Dr Chua Sze Ming,Psychiatrist,15:00-17:00,08:00-17:00,08:00-17:00,08:00-17:00,08:00-17:00,08:00-17:00,08:00-17:00,Chinese,Female,120,Mental Health (Psychology) Services - National Healthcare Group Polyclinics - Yishun,Polyclinic,North,2 Yishun Ave 9 S768898,,,,,,,,,,,,,,
24,Dr Daw San San Thinn,Psychiatrist,08:00-17:00,15:00-17:00,08:00-17:00,08:00-17:00,08:00-17:00,08:00-17:00,08:00-17:00,English,Female,120,Mental Health (Psychology) Services - National University Hospital Polyclinics - Jurong,Polyclinic,West,190 Jurong East Ave 1 S609788,,,,,,,,,,,,,,
25,Dr Lee Kim Huat Jason,Psychiatrist,08:00-17:00,08:00-17:00,08:00-17:00,15:00-17:00,08:00-17:00,08:00-17:00,08:00-17:00,Chinese,Male,120,Mental Health (Psychology) Services - SingHealth Polyclinics - Outram,Polyclinic,Central,3 Second Hospital Ave #02-00 Health Promotion Board Building S168937,,,,,,,,,,,,,,
26,Dr Lee Sue-Fern Dawn,Psychiatrist,08:00-17:00,08:00-17:00,08:00-17:00,08:00-17:00,15:00-17:00,08:00-17:00,08:00-17:00,Chinese,Female,120,Mental Health (Psychology) Services - SingHealth Polyclinics - Tampines,Polyclinic,East,1 Tampines St 41 S529203,,,,,,,,,,,,,,
27,Dr Liew Tau Ming,Psychiatrist,08:00-17:00,08:00-17:00,08:00-17:00,08:00-17:00,15:00-17:00,08:00-17:00,08:00-17:00,Chinese,Male,120,Mental Health (Psychology) Services - SingHealth Polyclinics - Geylang,Polyclinic,East,21 Geylang East Cental S389707,,,,,,,,,,,,,,
28,Dr Donovan Lim Yutong,Psychiatrist,15:00-17:00,08:00-17:00,08:00-17:00,08:00-17:00,08:00-17:00,08:00-17:00,08:00-17:00,Chinese,Male,120,Mental Health (Psychology) Services - SingHealth Polyclinics - Queenstown,Polyclinic,Central,580 Stirling Rd S148958,,,,,,,,,,,,,,
29,Mr Kevin Beck,Psychologist,15:00-17:00,08:00-17:00,08:00-17:00,08:00-17:00,08:00-17:00,08:00-17:00,08:00-17:00,English,Male,100,Mental Health (Psychology) Services - National Healthcare Group Polyclinics - Ang Mo Kio,Polyclinic,Northeast,21 Ang Mo Kio Central 2 S569666,,,,,,,,,,,,,,
30,Dr Chan Hui Minn,Psychologist,08:00-17:00,15:00-17:00,08:00-17:00,08:00-17:00,08:00-17:00,08:00-17:00,08:00-17:00,Chinese,Female,120,Mental Health (Psychology) Services - National Healthcare Group Polyclinics - Hougang,Polyclinic,Northeast,89 Hougang Ave 4 S538829,,,,,,,,,,,,,,
31,Dr Chang Ju Lyn,Psychologist,08:00-17:00,08:00-17:00,08:00-17:00,15:00-17:00,08:00-17:00,08:00-17:00,08:00-17:00,Chinese,Female,120,Mental Health (Psychology) Services - National Healthcare Group Polyclinics - Toa Payoh,Polyclinic,Central,2003 Toa Payoh Lor 8 S319260,,,,,,,,,,,,,,
32,Ms Chen Huimin,Psychologist,08:00-17:00,08:00-17:00,08:00-17:00,08:00-17:00,15:00-17:00,08:00-17:00,08:00-17:00,Chinese,Female,100,Mental Health (Psychology) Services - National Healthcare Group Polyclinics - Woodlands,Polyclinic,North,10 Woodlands St 31 S738579,,,,,,,,,,,,,,
33,Mdm Manzur Suhana Ahamad,Psychologist,15:00-17:00,08:00-17:00,08:00-17:00,08:00-17:00,08:00-17:00,08:00-17:00,08:00-17:00,Malay,Female,100,Mental Health (Psychology) Services - National Healthcare Group Polyclinics - Yishun,Polyclinic,North,2 Yishun Ave 9 S768898,,,,,,,,,,,,,,
34,Ms Malar Palaiyan ,Psychologist,08:00-17:00,15:00-17:00,08:00-17:00,08:00-17:00,08:00-17:00,08:00-17:00,08:00-17:00,Tamil,Female,100,Mental Health (Psychology) Services - National University Hospital Polyclinics - Jurong,Polyclinic,West,190 Jurong East Ave 1 S609788,,,,,,,,,,,,,,
35,Mdm Ng Li Sha,Psychologist,08:00-17:00,08:00-17:00,08:00-17:00,15:00-17:00,08:00-17:00,08:00-17:00,08:00-17:00,Chinese,Female,100,Mental Health (Psychology) Services - SingHealth Polyclinics - Outram,Polyclinic,Central,3 Second Hospital Ave #02-00 Health Promotion Board Building S168937,,,,,,,,,,,,,,
36,Dr Neo Li Fang,Psychologist,08:00-17:00,08:00-17:00,08:00-17:00,08:00-17:00,15:00-17:00,08:00-17:00,08:00-17:00,Chinese,Female,120,Mental Health (Psychology) Services - SingHealth Polyclinics - Tampines,Polyclinic,East,1 Tampines St 41 S529203,,,,,,,,,,,,,,
37,Miss Lim Si Huan,Psychologist,08:00-17:00,08:00-17:00,08:00-17:00,08:00-17:00,15:00-17:00,08:00-17:00,08:00-17:00,Chinese,Female,100,Mental Health (Psychology) Services - SingHealth Polyclinics - Geylang,Polyclinic,East,21 Geylang East Cental S389707,,,,,,,,,,,,,,
38,Dr Matthew Lim,Psychologist,15:00-17:00,08:00-17:00,08:00-17:00,08:00-17:00,08:00-17:00,08:00-17:00,08:00-17:00,Chinese,Male,120,Mental Health (Psychology) Services - SingHealth Polyclinics - Queenstown,Polyclinic,Central,580 Stirling Rd S148958,,,,,,,,,,,,,,
39,Dr Natarajan Kathirvel,Psychiatrist,08:00-17:00,08:00-17:00,08:00-17:00,,,08:00-17:00,08:00-17:00,Tamil,Male,120,Mood Disorder Clinic - IMH,IMH,Northeast,IMH Buangkok Green Medical Park 10 Buangkok View S539747,,,,,,,,,,,,,,
40,Dr Nisha Chandwani,Psychiatrist,,08:00-17:00,08:00-17:00,08:00-17:00,,08:00-17:00,08:00-17:00,Tamil,Female,120,Mood Disorder Clinic - IMH,IMH,Northeast,IMH Buangkok Green Medical Park 10 Buangkok View S539747,,,,,,,,,,,,,,
41,Dr Ravichandran Nigila,Psychiatrist,,,08:00-17:00,08:00-17:00,08:00-17:00,08:00-17:00,08:00-17:00,Tamil,Female,120,Mood Disorder Clinic - IMH,IMH,Northeast,IMH Buangkok Green Medical Park 10 Buangkok View S539747,,,,,,,,,,,,,,
42,Dr Tor Phern Chern,Psychiatrist,08:00-17:00,08:00-17:00,08:00-17:00,,,08:00-17:00,08:00-17:00,Chinese,Male,120,Mood Disorder Clinic - IMH,IMH,Northeast,IMH Buangkok Green Medical Park 10 Buangkok View S539747,,,,,,,,,,,,,,
43,Dr Vivekanandan Sivalingam,Psychiatrist,08:00-17:00,08:00-17:00,08:00-17:00,08:00-17:00,,08:00-17:00,08:00-17:00,Tamil,Male,120,Mood Disorder Clinic - IMH,IMH,Northeast,IMH Buangkok Green Medical Park 10 Buangkok View S539747,,,,,,,,,,,,,,
44,Dr Zheng Zhimin,Psychiatrist,08:00-17:00,,08:00-17:00,08:00-17:00,08:00-17:00,08:00-17:00,08:00-17:00,Chinese,Female,120,Mood Disorder Clinic - IMH,IMH,Northeast,IMH Buangkok Green Medical Park 10 Buangkok View S539747,,,,,,,,,,,,,,
45,Dr Lau Boon Jia,Psychiatrist,,08:00-17:00,08:00-17:00,,,08:00-17:00,08:00-17:00,Chinese,Male,120,Mood Disorder Clinic - IMH,IMH,Northeast,IMH Buangkok Green Medical Park 10 Buangkok View S539747,,,,,,,,,,,,,,
46,Dr Lee Yu Wei,Psychiatrist,08:00-17:00,08:00-17:00,08:00-17:00,08:00-17:00,,08:00-17:00,08:00-17:00,Chinese,Male,120,Mood Disorder Clinic - IMH,IMH,Northeast,IMH Buangkok Green Medical Park 10 Buangkok View S539747,,,,,,,,,,,,,,
47,Dr Lim Shanhui Gillian,Psychiatrist,08:00-17:00,,08:00-17:00,08:00-17:00,08:00-17:00,08:00-17:00,08:00-17:00,Chinese,Female,120,Mood Disorder Clinic - IMH,IMH,Northeast,IMH Buangkok Green Medical Park 10 Buangkok View S539747,,,,,,,,,,,,,,
48,Dr Tan Chern-Yee Geoffrey,Psychiatrist,,08:00-17:00,08:00-17:00,,,08:00-17:00,08:00-17:00,Chinese,Male,120,Mood Disorder Clinic - IMH,IMH,Northeast,IMH Buangkok Green Medical Park 10 Buangkok View S539747,,,,,,,,,,,,,,
49,Dr Edimansyah Bin Abidin,Psychiatrist,,08:00-17:00,08:00-17:00,,,08:00-17:00,08:00-17:00,Malay,Male,120,Mood Disorder Clinic - IMH,IMH,Northeast,IMH Buangkok Green Medical Park 10 Buangkok View S539747,,,,,,,,,,,,,,
50,Dr Syed Harun Bin Taha Alhabsyi,Psychiatrist,,08:00-17:00,08:00-17:00,,,08:00-17:00,08:00-17:00,Malay,Male,120,Mood Disorder Clinic - IMH,IMH,Northeast,IMH Buangkok Green Medical Park 10 Buangkok View S539747,,,,,,,,,,,,,,
51,Ms Tan Tai Yeow,Psychologist,08:00-17:00,08:00-17:00,08:00-17:00,08:00-17:00,,08:00-17:00,08:00-17:00,Chinese,Female,100,Mood Disorder Clinic - IMH,IMH,Northeast,IMH Buangkok Green Medical Park 10 Buangkok View S539747,,,,,,,,,,,,,,
52,Ms Tan Ke Jia,Psychologist,,,08:00-17:00,08:00-17:00,08:00-17:00,08:00-17:00,08:00-17:00,Chinese,Female,100,Mood Disorder Clinic - IMH,IMH,Northeast,IMH Buangkok Green Medical Park 10 Buangkok View S539747,,,,,,,,,,,,,,
53,Ms Tan Eng Hui,Psychologist,,08:00-17:00,08:00-17:00,,,08:00-17:00,08:00-17:00,Chinese,Female,100,Mood Disorder Clinic - IMH,IMH,Northeast,IMH Buangkok Green Medical Park 10 Buangkok View S539747,,,,,,,,,,,,,,
54,Ms Elizbeth Tan,Psychologist,08:00-17:00,08:00-17:00,08:00-17:00,08:00-17:00,,08:00-17:00,08:00-17:00,Chinese,Female,100,Mood Disorder Clinic - IMH,IMH,Northeast,IMH Buangkok Green Medical Park 10 Buangkok View S539747,,,,,,,,,,,,,,
55,Mrs Raj Haanusia Prithivi,Psychologist,,,08:00-17:00,08:00-17:00,08:00-17:00,08:00-17:00,08:00-17:00,Tamil,Female,100,Mood Disorder Clinic - IMH,IMH,Northeast,IMH Buangkok Green Medical Park 10 Buangkok View S539747,,,,,,,,,,,,,,
56,Mr Ong Lue Ping,Psychologist,08:00-17:00,08:00-17:00,08:00-17:00,,,08:00-17:00,08:00-17:00,Chinese,Male,100,Mood Disorder Clinic - IMH,IMH,Northeast,IMH Buangkok Green Medical Park 10 Buangkok View S539747,,,,,,,,,,,,,,
57,Ms Ong Li Min,Psychologist,,08:00-17:00,08:00-17:00,08:00-17:00,,08:00-17:00,08:00-17:00,Chinese,Female,100,Mood Disorder Clinic - IMH,IMH,Northeast,IMH Buangkok Green Medical Park 10 Buangkok View S539747,,,,,,,,,,,,,,
58,Mdm Shankar Balan Maheswari,Psychologist,,,08:00-17:00,08:00-17:00,08:00-17:00,08:00-17:00,08:00-17:00,Malay,Female,100,Mood Disorder Clinic - IMH,IMH,Northeast,IMH Buangkok Green Medical Park 10 Buangkok View S539747,,,,,,,,,,,,,,
59,Ms Bettina Yeap,Counsellor,,,,,,08:00-17:00,08:00-17:00,English,Female,80,Counselling Centre - Care Corner,Community Partners,Central,62B Lor 4 Toa Payoh #02-143 S312062,,,,,,,,,,,,,,
60,Mr Jonathan Lee,Counsellor,,,,,,08:00-17:00,08:00-17:00,Chinese,Male,80,Counselling Centre - Care Corner,Community Partners,Central,62B Lor 4 Toa Payoh #02-143 S312062,,,,,,,,,,,,,,
61,Mdm Carolyn Lim,Counsellor,,,,,,08:00-17:00,08:00-17:00,English,Female,80,Counselling Centre - Care Corner,Community Partners,Central,62B Lor 4 Toa Payoh #02-143 S312062,,,,,,,,,,,,,,
62,Mr Jonathan Siew,Counsellor,,,,,,08:00-17:00,08:00-17:00,Chinese,Male,80,Counselling Centre - Care Corner,Community Partners,Central,62B Lor 4 Toa Payoh #02-143 S312062,,,,,,,,,,,,,,
63,Mdm Chan Guat Choo,Counsellor,,,,,,08:00-17:00,08:00-17:00,Chinese,Female,80,Counselling Centre - Care Corner,Community Partners,Central,62B Lor 4 Toa Payoh #02-143 S312062,,,,,,,,,,,,,,
64,Ms Kok Lee Fong,Counsellor,,,,,,08:00-17:00,08:00-17:00,Chinese,Female,80,Counselling Centre - Care Corner,Community Partners,Central,62B Lor 4 Toa Payoh #02-143 S312062,,,,,,,,,,,,,,
65,Mdm Charis Chua,Counsellor,,,,,,08:00-17:00,08:00-17:00,Chinese,Female,80,Counselling Centre - Care Corner,Community Partners,Central,62B Lor 4 Toa Payoh #02-143 S312062,,,,,,,,,,,,,,
66,Mr Michael Chin,Counsellor,,,,,,08:00-17:00,08:00-17:00,Chinese,Male,80,Counselling Centre - Care Corner,Community Partners,Central,62B Lor 4 Toa Payoh #02-143 S312062,,,,,,,,,,,,,,
67,Mdm Cho Chia Min,Counsellor,,,,,,08:00-17:00,08:00-17:00,Chinese,Female,80,Counselling Centre - Care Corner,Community Partners,Central,62B Lor 4 Toa Payoh #02-143 S312062,,,,,,,,,,,,,,
68,Mdm Oh Ching Fen,Counsellor,,,,,,08:00-17:00,08:00-17:00,Chinese,Female,80,Counselling Centre - Care Corner,Community Partners,Central,62B Lor 4 Toa Payoh #02-143 S312062,,,,,,,,,,,,,,
69,Mdm Fion Liew,Counsellor,,,,,,08:00-17:00,08:00-17:00,Chinese,Female,80,Counselling Centre - Care Corner,Community Partners,Central,62B Lor 4 Toa Payoh #02-143 S312062,,,,,,,,,,,,,,
70,Ms Tan Hong Kheng,Counsellor,,,,,,08:00-17:00,08:00-17:00,Chinese,Female,80,Counselling Centre - Care Corner,Community Partners,Central,62B Lor 4 Toa Payoh #02-143 S312062,,,,,,,,,,,,,,
71,Ms Guo Lih Jia,Counsellor,,,,,,08:00-17:00,08:00-17:00,Chinese,Female,80,Counselling Centre - Care Corner,Community Partners,Central,62B Lor 4 Toa Payoh #02-143 S312062,,,,,,,,,,,,,,
72,Ms Lily Gan,Counsellor,,,,,,08:00-17:00,08:00-17:00,Chinese,Female,80,Counselling Service - Brahm Centre Limited,Community Partners,East,Simei Centre 227 Simei St 4 S520227,,,,,,,,,,,,,,
73,Mr Frank Singam,Counsellor,,,,,,08:00-17:00,08:00-17:00,Tamil,Male,80,Counselling Service - Brahm Centre Limited,Community Partners,East,Simei Centre 227 Simei St 4 S520227,,,,,,,,,,,,,,
74,Mr Eric Lim,Counsellor,,,,,,08:00-17:00,08:00-17:00,Chinese,Male,80,Counselling Service - Brahm Centre Limited,Community Partners,East,Simei Centre 227 Simei St 4 S520227,,,,,,,,,,,,,,
75,Ms Theresa Pong,Counsellor,08:00-17:00,,,,,08:00-10:00 15:00-17:00,08:00-17:00,Chinese,Female,80,Counselling Service - Focus on the Family Singapore,Community Partners,Central,9 Bishan Place #08-03 Junction 8 Office Tower S579837,,,,,,,,,,,,,,
76,Mr Larry Lai,Counsellor,,08:00-17:00,,,,08:00-10:00 15:00-17:00,08:00-17:00,Chinese,Male,80,Counselling Service - Focus on the Family Singapore,Community Partners,Central,9 Bishan Place #08-03 Junction 8 Office Tower S579837,,,,,,,,,,,,,,
77,Ms Fiona Seah,Counsellor,,,08:00-17:00,,,08:00-10:00 15:00-17:00,08:00-17:00,Chinese,Female,80,Counselling Service - Focus on the Family Singapore,Community Partners,Central,9 Bishan Place #08-03 Junction 8 Office Tower S579837,,,,,,,,,,,,,,
78,Ms Kiat Yong Nah,Counsellor,,,,08:00-17:00,,08:00-10:00 15:00-17:00,08:00-17:00,Chinese,Female,80,Counselling Service - Focus on the Family Singapore,Community Partners,Central,9 Bishan Place #08-03 Junction 8 Office Tower S579837,,,,,,,,,,,,,,
79,Ms Chiam Ling Ling,Counsellor,,,,,08:00-17:00,08:00-10:00 15:00-17:00,08:00-17:00,Chinese,Female,80,Counselling Service - Focus on the Family Singapore,Community Partners,Central,9 Bishan Place #08-03 Junction 8 Office Tower S579837,,,,,,,,,,,,,,
80,Ms Swanie Khoo,Counsellor,,,,08:00-17:00,,08:00-10:00 15:00-17:00,08:00-17:00,Chinese,Female,80,Counselling Service - Focus on the Family Singapore,Community Partners,Central,9 Bishan Place #08-03 Junction 8 Office Tower S579837,,,,,,,,,,,,,,
81,Ms Samantha Loh,Counsellor,,,08:00-17:00,,,08:00-10:00 15:00-17:00,08:00-17:00,Chinese,Female,80,Counselling Service - Focus on the Family Singapore,Community Partners,Central,9 Bishan Place #08-03 Junction 8 Office Tower S579837,,,,,,,,,,,,,,
82,Ms Karayan Kayanoth Reshmi,Counsellor,,,,,,08:00-17:00,08:00-17:00,Malay,Female,80,Individuals & Group Counselling Services - Clarity Singapore Limited,Community Partners,North,Yishun 854 Yishun Ring Rd #01-3511 S760854,,,,,,,,,,,,,,
83,Ms Rafizah Bte Yusof,Psychologist,,,,,,08:00-17:00,08:00-17:00,Malay,Female,80,Individuals & Group Counselling Services - Clarity Singapore Limited,Community Partners,North,Yishun 854 Yishun Ring Rd #01-3511 S760854,,,,,,,,,,,,,,
84,Dr Jamie Lee,Psychologist,,,,13:00-17:00,13:00-17:00,13:00-17:00,08:00-17:00,Chinese,Female,140,Psychiatry Services - Pacific Healthcare Holdings - Adam Rd Medical Centre,Hospital,Central,559 Bukit Timah Rd #01-02 King's Arcade S269695,,,,,,,,,,,,,,
85,Dr Elizabeth Lau,Psychologist,,,13:00-17:00,,,08:00-17:00,08:00-17:00,Chinese,Female,140,Psychiatry Services - Pacific Healthcare Holdings - Adam Rd Medical Centre,Hospital,Central,559 Bukit Timah Rd #01-02 King's Arcade S269695,,,,,,,,,,,,,,
86,Dr Srephanie Soh,Psychologist,13:00-17:00,,,,,13:00-17:00,08:00-17:00,Chinese,Female,140,Psychiatry Services - Pacific Healthcare Holdings - Adam Rd Medical Centre,Hospital,Central,559 Bukit Timah Rd #01-02 King's Arcade S269695,,,,,,,,,,,,,,
87,Dr Francis Ngui,Psychiatrist,08:00-17:00,,,,,08:00-17:00,08:00-17:00,Chinese,Male,160,Psychiatry Services - Pacific Healthcare Holdings - Adam Rd Medical Centre,Hospital,Central,559 Bukit Timah Rd #01-02 King's Arcade S269695,,,,,,,,,,,,,,
88,Dr Ken Ung,Psychiatrist,,,,08:00-17:00,08:00-17:00,13:00-17:00,08:00-17:00,Chinese,Male,160,Psychiatry Services - Pacific Healthcare Holdings - Adam Rd Medical Centre,Hospital,Central,559 Bukit Timah Rd #01-02 King's Arcade S269695,,,,,,,,,,,,,,
89,Dr Lim Yun Chin,Psychiatrist,,,,08:00-17:00,08:00-17:00,13:00-17:00,08:00-17:00,Chinese,Male,160,Psychiatry Services - Raffles Hospital,Hospital,Central,Raffles Counselling Centre 585 North Bridge Rd Level 13 S188770,,,,,,,,,,,,,,
90,Dr Clarice Hong Pei Hsia,Psychiatrist,08:00-17:00,,,,,08:00-17:00,08:00-17:00,Chinese,Female,160,Psychiatry Services - Raffles Hospital,Hospital,Central,Raffles Counselling Centre 585 North Bridge Rd Level 13 S188770,,,,,,,,,,,,,,
91,Dr Joshua Kua Hai Kiat,Psychiatrist,,,,13:00-17:00,13:00-17:00,13:00-17:00,08:00-17:00,Chinese,Male,160,Psychiatry Services - Raffles Hospital,Hospital,Central,Raffles Counselling Centre 585 North Bridge Rd Level 13 S188770,,,,,,,,,,,,,,
92,Dr Tan Hwee Sim,Psychiatrist,,,13:00-17:00,,,08:00-17:00,08:00-17:00,Chinese,Female,160,Psychiatry Services - Raffles Hospital,Hospital,Central,Raffles Counselling Centre 585 North Bridge Rd Level 13 S188770,,,,,,,,,,,,,,
93,Dr Chua Siew Eng,Psychiatrist,13:00-17:00,,,,,13:00-17:00,08:00-17:00,Chinese,Female,160,Psychiatry Services - Raffles Hospital,Hospital,Central,Raffles Counselling Centre 585 North Bridge Rd Level 13 S188770,,,,,,,,,,,,,,
94,Dr Cecilia Chu,Psychologist,,,,13:00-17:00,13:00-17:00,13:00-17:00,08:00-17:00,Chinese,Female,140,Psychiatry Services - Raffles Hospital,Hospital,Central,Raffles Counselling Centre 585 North Bridge Rd Level 13 S188770,,,,,,,,,,,,,,
95,Ms Saras Atre,Psychologist,,,13:00-17:00,,,08:00-17:00,08:00-17:00,Tamil,Female,120,Psychiatry Services - Raffles Hospital,Hospital,Central,Raffles Counselling Centre 585 North Bridge Rd Level 13 S188770,,,,,,,,,,,,,,
96,Ms Yesmin Chan,Counsellor,13:00-17:00,,,,,13:00-17:00,08:00-17:00,Chinese,Female,100,Psychiatry Services - Raffles Hospital,Hospital,Central,Raffles Counselling Centre 585 North Bridge Rd Level 13 S188770,,,,,,,,,,,,,,
97,Dr Chan Oi Mei,Psychiatrist,,,13:00-17:00,,,08:00-17:00,08:00-17:00,Chinese,Female,120,Psychological Medicine - Changi General Hospital,Hospital,East,2 Simei St 3 S529889,,,,,,,,,,,,,,
98,Dr Ng Li-Ling,Psychiatrist,13:00-17:00,,,,,08:00-17:00,08:00-17:00,Chinese,Female,120,Psychological Medicine - Changi General Hospital,Hospital,East,2 Simei St 3 S529889,,,,,,,,,,,,,,
99,Adj Prof Tan Lay Ling,Psychiatrist,,,,13:00-17:00,13:00-17:00,08:00-17:00,08:00-17:00,Chinese,Female,120,Psychological Medicine - Changi General Hospital,Hospital,East,2 Simei St 3 S529889,,,,,,,,,,,,,,
100,Ms Jasmine Yeo,Psychologist,,,,,08:00-17:00,13:00-17:00,08:00-17:00,Chinese,Female,100,Psychological Medicine - KK Women and Children's Hospital,Hospital,Central,Women's Tower Level 6 100 Bukit Timah Rd S229899,,,,,,,,,,,,,,
101,Ms Karen Tan,Psychologist,08:00-17:00,,,,,08:00-17:00,08:00-17:00,Chinese,Female,100,Psychological Medicine - KK Women and Children's Hospital,Hospital,Central,Women's Tower Level 6 100 Bukit Timah Rd S229899,,,,,,,,,,,,,,
102,Mdm Ho Choon Khim,Psychologist,,,08:00-17:00,,,13:00-17:00,08:00-17:00,Chinese,Female,100,Psychological Medicine - KK Women and Children's Hospital,Hospital,Central,Women's Tower Level 6 100 Bukit Timah Rd S229899,,,,,,,,,,,,,,
103,Mdm Chong Hwee Min,Psychologist,08:00-17:00,,,,,08:00-17:00,08:00-17:00,Chinese,Female,100,Psychological Medicine - KK Women and Children's Hospital,Hospital,Central,Women's Tower Level 6 100 Bukit Timah Rd S229899,,,,,,,,,,,,,,
104,Dr Sandy Julianty Umboh,Psychiatrist,,,,,08:00-17:00,13:00-17:00,08:00-17:00,English,Female,120,Psychological Medicine - KK Women and Children's Hospital,Hospital,Central,Women's Tower Level 6 100 Bukit Timah Rd S229899,,,,,,,,,,,,,,
105,Dr Pat Fong Roselyne Shirley,Psychiatrist,08:00-17:00,,,,,08:00-17:00,08:00-17:00,Chinese,Female,120,Psychological Medicine - KK Women and Children's Hospital,Hospital,Central,Women's Tower Level 6 100 Bukit Timah Rd S229899,,,,,,,,,,,,,,
106,Dr Siak Elizabeth Junpei,Psychiatrist,,,08:00-17:00,,,13:00-17:00,08:00-17:00,Chinese,Female,120,Psychological Medicine - KK Women and Children's Hospital,Hospital,Central,Women's Tower Level 6 100 Bukit Timah Rd S229899,,,,,,,,,,,,,,
107,Dr Wan Yi Min,Psychiatrist,08:00-17:00,,,,,08:00-17:00,08:00-17:00,Chinese,Female,120,Psychology Services - Jurong Community Hospital,Hospital,West,1 Jurong East St 21 S609606,,,,,,,,,,,,,,
108,Dr Aaron Meng,Psychiatrist,,,,,08:00-17:00,13:00-17:00,08:00-17:00,Chinese,Male,120,Psychology Services - Jurong Community Hospital,Hospital,West,1 Jurong East St 21 S609606,,,,,,,,,,,,,,
109,Dr Darryl Tan,Psychiatrist,08:00-17:00,,,,,08:00-17:00,08:00-17:00,Chinese,Male,120,Psychology Services - Jurong Community Hospital,Hospital,West,1 Jurong East St 21 S609606,,,,,,,,,,,,,,
110,Ms Huang Shan,Psychologist,,,,,08:00-17:00,08:00-17:00,08:00-17:00,Chinese,Female,100,Psychological Medicine - Khoo Teck Puat Hospital,Hospital,North,90 Yishun Central S768828,,,,,,,,,,,,,,
111,Mr Patrick Leong,Psychologist,,08:00-17:00,,,13:00-17:00,08:00-17:00,08:00-17:00,Chinese,Male,100,Psychological Medicine - Khoo Teck Puat Hospital,Hospital,North,90 Yishun Central S768828,,,,,,,,,,,,,,
112,Ms Dawn Chia,Psychologist,,,,,08:00-17:00,08:00-17:00,08:00-17:00,Chinese,Female,100,Psychological Medicine - Khoo Teck Puat Hospital,Hospital,North,90 Yishun Central S768828,,,,,,,,,,,,,,
113,Ms Jocelyn Liao,Psychologist,,,,08:00-17:00,13:00-17:00,08:00-17:00,08:00-17:00,Chinese,Female,100,Psychological Medicine - Khoo Teck Puat Hospital,Hospital,North,90 Yishun Central S768828,,,,,,,,,,,,,,
114,Dr Cheang Ka Man,Psychiatrist,,,,,08:00-17:00,08:00-17:00,08:00-17:00,Chinese,Female,120,Psychological Medicine - Khoo Teck Puat Hospital,Hospital,North,90 Yishun Central S768828,,,,,,,,,,,,,,
115,Dr Soh Keng Chuan,Psychiatrist,,08:00-17:00,,,13:00-17:00,08:00-17:00,08:00-17:00,Chinese,Male,120,Psychological Medicine - Khoo Teck Puat Hospital,Hospital,North,90 Yishun Central S768828,,,,,,,,,,,,,,
116,Dr Yong Mo Juin,Psychiatrist,,,,,08:00-17:00,08:00-17:00,08:00-17:00,Chinese,Female,120,Psychological Medicine - Khoo Teck Puat Hospital,Hospital,North,90 Yishun Central S768828,,,,,,,,,,,,,,
117,Ms Gitanjali Goyal,Psychologist,,,,,08:00-17:00,08:00-17:00,08:00-17:00,Tamil,Female,100,Clinical Psychology Services - National University Hospital,Hospital,West,Outpatient Services Neuroscience Clinic Kent Ridge Wing Level 4 5 Lower Kent Ridge Rd S119074,,,,,,,,,,,,,,
118,Ms Ivena Clarissa,Psychologist,,08:00-17:00,,,13:00-17:00,08:00-17:00,08:00-17:00,English,Female,100,Clinical Psychology Services - National University Hospital,Hospital,West,Outpatient Services Neuroscience Clinic Kent Ridge Wing Level 4 5 Lower Kent Ridge Rd S119074,,,,,,,,,,,,,,
119,Ms Lim Gaik Suan,Psychologist,,,,,08:00-17:00,08:00-17:00,08:00-17:00,Chinese,Female,100,Clinical Psychology Services - National University Hospital,Hospital,West,Outpatient Services Neuroscience Clinic Kent Ridge Wing Level 4 5 Lower Kent Ridge Rd S119074,,,,,,,,,,,,,,
120,Ms Terri Chen,Psychologist,,,,08:00-17:00,13:00-17:00,08:00-17:00,08:00-17:00,Chinese,Female,100,Clinical Psychology Services - National University Hospital,Hospital,West,Outpatient Services Neuroscience Clinic Kent Ridge Wing Level 4 5 Lower Kent Ridge Rd S119074,,,,,,,,,,,,,,
121,Dr Celine Wong,Psychiatrist,,,,,08:00-17:00,08:00-17:00,08:00-17:00,Chinese,Female,120,Clinical Psychology Services - National University Hospital,Hospital,West,Outpatient Services Neuroscience Clinic Kent Ridge Wing Level 4 5 Lower Kent Ridge Rd S119074,,,,,,,,,,,,,,
122,Dr Johnson Fam,Psychiatrist,,08:00-17:00,,,13:00-17:00,08:00-17:00,08:00-17:00,Chinese,Male,120,Clinical Psychology Services - National University Hospital,Hospital,West,Outpatient Services Neuroscience Clinic Kent Ridge Wing Level 4 5 Lower Kent Ridge Rd S119074,,,,,,,,,,,,,,
123,Dr Lui Yit Shiang,Psychiatrist,,,,,08:00-17:00,08:00-17:00,08:00-17:00,Chinese,Male,120,Clinical Psychology Services - National University Hospital,Hospital,West,Outpatient Services Neuroscience Clinic Kent Ridge Wing Level 4 5 Lower Kent Ridge Rd S119074,,,,,,,,,,,,,,
124,Dr Irene Tirtajana,Psychiatrist,,,08:00-17:00,,,13:00-17:00,08:00-17:00,English,Female,120,Psychology Services - Ng Teng Fong General Hospital,Hospital,West,1 Jurong East Street 21 S609606,,,,,,,,,,,,,,
125,Dr Lycia Teo,Psychiatrist,08:00-17:00,,,,,08:00-17:00,08:00-17:00,Chinese,Female,120,Psychology Services - Ng Teng Fong General Hospital,Hospital,West,1 Jurong East Street 21 S609606,,,,,,,,,,,,,,
126,Dr Tan Yuyuan,Psychiatrist,,,,,08:00-17:00,13:00-17:00,08:00-17:00,Chinese,Female,120,Psychology Services - Ng Teng Fong General Hospital,Hospital,West,1 Jurong East Street 21 S609606,,,,,,,,,,,,,,
127,Dr Gudi Alakananda,Psychiatrist,,,,,08:00-17:00,08:00-17:00,08:00-17:00,Tamil,Male,120,Department of Psychiatry - Singapore General Hospital,Hospital,Central,Outram Rd S169608,,,,,,,,,,,,,,
128,Dr Ng Kah Wee,Psychiatrist,,08:00-17:00,,,13:00-17:00,08:00-17:00,08:00-17:00,Chinese,Male,120,Department of Psychiatry - Singapore General Hospital,Hospital,Central,Outram Rd S169608,,,,,,,,,,,,,,
129,Dr Tan Shian Ming,Psychiatrist,,,,,08:00-17:00,08:00-17:00,08:00-17:00,Chinese,Male,120,Department of Psychiatry - Singapore General Hospital,Hospital,Central,Outram Rd S169608,,,,,,,,,,,,,,
130,Dr Victor Foo,Psychiatrist,,,,08:00-17:00,13:00-17:00,08:00-17:00,08:00-17:00,Chinese,Male,120,Department of Psychiatry - Singapore General Hospital,Hospital,Central,Outram Rd S169608,,,,,,,,,,,,,,
131,Dr Ashwin Chee,Psychiatrist,,,,,08:00-17:00,08:00-17:00,08:00-17:00,Chinese,Male,120,Department of Psychiatry - Sengkang General Hospital,Hospital,Northeast,110 Sengkang East Way S544886,,,,,,,,,,,,,,
132,Dr Iris Rawtaer,Psychiatrist,,08:00-17:00,,,13:00-17:00,08:00-17:00,08:00-17:00,English,Female,120,Department of Psychiatry - Sengkang General Hospital,Hospital,Northeast,110 Sengkang East Way S544886,,,,,,,,,,,,,,
133,Mr Adrain Toh,Psychologist,,,,,08:00-17:00,08:00-17:00,08:00-17:00,Chinese,Male,100,Psychological Medicine Department - Tan Tock Seng Hospital,Hospital,North,11 Jalan Tan Tock Seng Medical Centre Clinic 4A/4B Level 4 S308433,,,,,,,,,,,,,,
134,Dr Jaswyn Chin,Psychologist,,08:00-17:00,,,13:00-17:00,08:00-17:00,08:00-17:00,Chinese,Female,120,Psychological Medicine Department - Tan Tock Seng Hospital,Hospital,North,11 Jalan Tan Tock Seng Medical Centre Clinic 4A/4B Level 4 S308433,,,,,,,,,,,,,,
135,Ms June Lim,Psychologist,,,,,08:00-17:00,08:00-17:00,08:00-17:00,Chinese,Female,100,Psychological Medicine Department - Tan Tock Seng Hospital,Hospital,North,11 Jalan Tan Tock Seng Medical Centre Clinic 4A/4B Level 4 S308433,,,,,,,,,,,,,,
136,Ms Lanurse Chen,Psychologist,,,,08:00-17:00,13:00-17:00,08:00-17:00,08:00-17:00,Chinese,Female,100,Psychological Medicine Department - Tan Tock Seng Hospital,Hospital,North,11 Jalan Tan Tock Seng Medical Centre Clinic 4A/4B Level 4 S308433,,,,,,,,,,,,,,
,,,,,,,,,,,,,,,,,,,,,,,,,,,,,,
,,,,,,,,,,,,,,,,,,,,,,,,,,,,,,
,,,,,,,,,,,,,,,,,,,,,,,,,,,,,,
,,,,,,,,,,,,,,,,,,,,,,,,,,,,,,
,,,,,,,,,,,,,,,,,,,,,,,,,,,,,,
,,,,,,,,,,,,,,,,,,,,,,,,,,,,,,
,,,,,,,,,,,,,,,,,,,,,,,,,,,,,,
,,,,,,,,,,,,,,,,,,,,,,,,,,,,,,
,,,,,,,,,,,,,,,,,,,,,,,,,,,,,,
,,,,,,,,,,,,,,,,,,,,,,,,,,,,,,
,,,,,,,,,,,,,,,,,,,,,,,,,,,,,,
,,,,,,,,,,,,,,,,,,,,,,,,,,,,,,
,,,,,,,,,,,,,,,,,,,,,,,,,,,,,,
,,,,,,,,,,,,,,,,,,,,,,,,,,,,,,
,,,,,,,,,,,,,,,,,,,,,,,,,,,,,,
,,,,,,,,,,,,,,,,,,,,,,,,,,,,,,
,,,,,,,,,,,,,,,,,,,,,,,,,,,,,,
,,,,,,,,,,,,,,,,,,,,,,,,,,,,,,
,,,,,,,,,,,,,,,,,,,,,,,,,,,,,,
,,,,,,,,,,,,,,,,,,,,,,,,,,,,,,
,,,,,,,,,,,,,,,,,,,,,,,,,,,,,,
,,,,,,,,,,,,,,,,,,,,,,,,,,,,,,
,,,,,,,,,,,,,,,,,,,,,,,,,,,,,,
,,,,,,,,,,,,,,,,,,,,,,,,,,,,,,
,,,,,,,,,,,,,,,,,,,,,,,,,,,,,,
,,,,,,,,,,,,,,,,,,,,,,,,,,,,,,
,,,,,,,,,,,,,,,,,,,,,,,,,,,,,,
,,,,,,,,,,,,,,,,,,,,,,,,,,,,,,
,,,,,,,,,,,,,,,,,,,,,,,,,,,,,,
,,,,,,,,,,,,,,,,,,,,,,,,,,,,,,
,,,,,,,,,,,,,,,,,,,,,,,,,,,,,,
,,,,,,,,,,,,,,,,,,,,,,,,,,,,,,
,,,,,,,,,,,,,,,,,,,,,,,,,,,,,,
,,,,,,,,,,,,,,,,,,,,,,,,,,,,,,
,,,,,,,,,,,,,,,,,,,,,,,,,,,,,,
,,,,,,,,,,,,,,,,,,,,,,,,,,,,,,
,,,,,,,,,,,,,,,,,,,,,,,,,,,,,,
,,,,,,,,,,,,,,,,,,,,,,,,,,,,,,
,,,,,,,,,,,,,,,,,,,,,,,,,,,,,,
,,,,,,,,,,,,,,,,,,,,,,,,,,,,,,
,,,,,,,,,,,,,,,,,,,,,,,,,,,,,,
,,,,,,,,,,,,,,,,,,,,,,,,,,,,,,
,,,,,,,,,,,,,,,,,,,,,,,,,,,,,,
,,,,,,,,,,,,,,,,,,,,,,,,,,,,,,
,,,,,,,,,,,,,,,,,,,,,,,,,,,,,,
,,,,,,,,,,,,,,,,,,,,,,,,,,,,,,
,,,,,,,,,,,,,,,,,,,,,,,,,,,,,,
,,,,,,,,,,,,,,,,,,,,,,,,,,,,,,
,,,,,,,,,,,,,,,,,,,,,,,,,,,,,,
,,,,,,,,,,,,,,,,,,,,,,,,,,,,,,
,,,,,,,,,,,,,,,,,,,,,,,,,,,,,,
,,,,,,,,,,,,,,,,,,,,,,,,,,,,,,
,,,,,,,,,,,,,,,,,,,,,,,,,,,,,,
,,,,,,,,,,,,,,,,,,,,,,,,,,,,,,
,,,,,,,,,,,,,,,,,,,,,,,,,,,,,,
,,,,,,,,,,,,,,,,,,,,,,,,,,,,,,
,,,,,,,,,,,,,,,,,,,,,,,,,,,,,,
,,,,,,,,,,,,,,,,,,,,,,,,,,,,,,
,,,,,,,,,,,,,,,,,,,,,,,,,,,,,,
,,,,,,,,,,,,,,,,,,,,,,,,,,,,,,
,,,,,,,,,,,,,,,,,,,,,,,,,,,,,,
,,,,,,,,,,,,,,,,,,,,,,,,,,,,,,
,,,,,,,,,,,,,,,,,,,,,,,,,,,,,,
,,,,,,,,,,,,,,,,,,,,,,,,,,,,,,
,,,,,,,,,,,,,,,,,,,,,,,,,,,,,,
,,,,,,,,,,,,,,,,,,,,,,,,,,,,,,
,,,,,,,,,,,,,,,,,,,,,,,,,,,,,,
,,,,,,,,,,,,,,,,,,,,,,,,,,,,,,
,,,,,,,,,,,,,,,,,,,,,,,,,,,,,,
,,,,,,,,,,,,,,,,,,,,,,,,,,,,,,
,,,,,,,,,,,,,,,,,,,,,,,,,,,,,,
,,,,,,,,,,,,,,,,,,,,,,,,,,,,,,
,,,,,,,,,,,,,,,,,,,,,,,,,,,,,,
,,,,,,,,,,,,,,,,,,,,,,,,,,,,,,
,,,,,,,,,,,,,,,,,,,,,,,,,,,,,,
,,,,,,,,,,,,,,,,,,,,,,,,,,,,,,
,,,,,,,,,,,,,,,,,,,,,,,,,,,,,,
,,,,,,,,,,,,,,,,,,,,,,,,,,,,,,
,,,,,,,,,,,,,,,,,,,,,,,,,,,,,,
,,,,,,,,,,,,,,,,,,,,,,,,,,,,,,
,,,,,,,,,,,,,,,,,,,,,,,,,,,,,,
,,,,,,,,,,,,,,,,,,,,,,,,,,,,,,
,,,,,,,,,,,,,,,,,,,,,,,,,,,,,,
,,,,,,,,,,,,,,,,,,,,,,,,,,,,,,
,,,,,,,,,,,,,,,,,,,,,,,,,,,,,,
,,,,,,,,,,,,,,,,,,,,,,,,,,,,,,
,,,,,,,,,,,,,,,,,,,,,,,,,,,,,,
,,,,,,,,,,,,,,,,,,,,,,,,,,,,,,
,,,,,,,,,,,,,,,,,,,,,,,,,,,,,,
,,,,,,,,,,,,,,,,,,,,,,,,,,,,,,
,,,,,,,,,,,,,,,,,,,,,,,,,,,,,,
,,,,,,,,,,,,,,,,,,,,,,,,,,,,,,
,,,,,,,,,,,,,,,,,,,,,,,,,,,,,,
,,,,,,,,,,,,,,,,,,,,,,,,,,,,,,
,,,,,,,,,,,,,,,,,,,,,,,,,,,,,,
,,,,,,,,,,,,,,,,,,,,,,,,,,,,,,
,,,,,,,,,,,,,,,,,,,,,,,,,,,,,,
,,,,,,,,,,,,,,,,,,,,,,,,,,,,,,
,,,,,,,,,,,,,,,,,,,,,,,,,,,,,,
,,,,,,,,,,,,,,,,,,,,,,,,,,,,,,
,,,,,,,,,,,,,,,,,,,,,,,,,,,,,,
,,,,,,,,,,,,,,,,,,,,,,,,,,,,,,
,,,,,,,,,,,,,,,,,,,,,,,,,,,,,,
,,,,,,,,,,,,,,,,,,,,,,,,,,,,,,
,,,,,,,,,,,,,,,,,,,,,,,,,,,,,,
,,,,,,,,,,,,,,,,,,,,,,,,,,,,,,
,,,,,,,,,,,,,,,,,,,,,,,,,,,,,,
,,,,,,,,,,,,,,,,,,,,,,,,,,,,,,
,,,,,,,,,,,,,,,,,,,,,,,,,,,,,,
,,,,,,,,,,,,,,,,,,,,,,,,,,,,,,
,,,,,,,,,,,,,,,,,,,,,,,,,,,,,,
,,,,,,,,,,,,,,,,,,,,,,,,,,,,,,
,,,,,,,,,,,,,,,,,,,,,,,,,,,,,,
,,,,,,,,,,,,,,,,,,,,,,,,,,,,,,
,,,,,,,,,,,,,,,,,,,,,,,,,,,,,,
,,,,,,,,,,,,,,,,,,,,,,,,,,,,,,
,,,,,,,,,,,,,,,,,,,,,,,,,,,,,,
,,,,,,,,,,,,,,,,,,,,,,,,,,,,,,
,,,,,,,,,,,,,,,,,,,,,,,,,,,,,,
,,,,,,,,,,,,,,,,,,,,,,,,,,,,,,
,,,,,,,,,,,,,,,,,,,,,,,,,,,,,,
,,,,,,,,,,,,,,,,,,,,,,,,,,,,,,
,,,,,,,,,,,,,,,,,,,,,,,,,,,,,,
,,,,,,,,,,,,,,,,,,,,,,,,,,,,,,
,,,,,,,,,,,,,,,,,,,,,,,,,,,,,,
,,,,,,,,,,,,,,,,,,,,,,,,,,,,,,
,,,,,,,,,,,,,,,,,,,,,,,,,,,,,,
,,,,,,,,,,,,,,,,,,,,,,,,,,,,,,
,,,,,,,,,,,,,,,,,,,,,,,,,,,,,,
,,,,,,,,,,,,,,,,,,,,,,,,,,,,,,
,,,,,,,,,,,,,,,,,,,,,,,,,,,,,,
,,,,,,,,,,,,,,,,,,,,,,,,,,,,,,
,,,,,,,,,,,,,,,,,,,,,,,,,,,,,,
,,,,,,,,,,,,,,,,,,,,,,,,,,,,,,
,,,,,,,,,,,,,,,,,,,,,,,,,,,,,,
,,,,,,,,,,,,,,,,,,,,,,,,,,,,,,
,,,,,,,,,,,,,,,,,,,,,,,,,,,,,,
,,,,,,,,,,,,,,,,,,,,,,,,,,,,,,
,,,,,,,,,,,,,,,,,,,,,,,,,,,,,,
,,,,,,,,,,,,,,,,,,,,,,,,,,,,,,
,,,,,,,,,,,,,,,,,,,,,,,,,,,,,,
,,,,,,,,,,,,,,,,,,,,,,,,,,,,,,
,,,,,,,,,,,,,,,,,,,,,,,,,,,,,,
,,,,,,,,,,,,,,,,,,,,,,,,,,,,,,
,,,,,,,,,,,,,,,,,,,,,,,,,,,,,,
,,,,,,,,,,,,,,,,,,,,,,,,,,,,,,
,,,,,,,,,,,,,,,,,,,,,,,,,,,,,,
,,,,,,,,,,,,,,,,,,,,,,,,,,,,,,
,,,,,,,,,,,,,,,,,,,,,,,,,,,,,,
,,,,,,,,,,,,,,,,,,,,,,,,,,,,,,
,,,,,,,,,,,,,,,,,,,,,,,,,,,,,,
,,,,,,,,,,,,,,,,,,,,,,,,,,,,,,
,,,,,,,,,,,,,,,,,,,,,,,,,,,,,,
,,,,,,,,,,,,,,,,,,,,,,,,,,,,,,
,,,,,,,,,,,,,,,,,,,,,,,,,,,,,,
,,,,,,,,,,,,,,,,,,,,,,,,,,,,,,
,,,,,,,,,,,,,,,,,,,,,,,,,,,,,,
,,,,,,,,,,,,,,,,,,,,,,,,,,,,,,
,,,,,,,,,,,,,,,,,,,,,,,,,,,,,,
,,,,,,,,,,,,,,,,,,,,,,,,,,,,,,
,,,,,,,,,,,,,,,,,,,,,,,,,,,,,,
,,,,,,,,,,,,,,,,,,,,,,,,,,,,,,
,,,,,,,,,,,,,,,,,,,,,,,,,,,,,,
,,,,,,,,,,,,,,,,,,,,,,,,,,,,,,
,,,,,,,,,,,,,,,,,,,,,,,,,,,,,,
,,,,,,,,,,,,,,,,,,,,,,,,,,,,,,
,,,,,,,,,,,,,,,,,,,,,,,,,,,,,,
,,,,,,,,,,,,,,,,,,,,,,,,,,,,,,
,,,,,,,,,,,,,,,,,,,,,,,,,,,,,,
,,,,,,,,,,,,,,,,,,,,,,,,,,,,,,
,,,,,,,,,,,,,,,,,,,,,,,,,,,,,,
,,,,,,,,,,,,,,,,,,,,,,,,,,,,,,
,,,,,,,,,,,,,,,,,,,,,,,,,,,,,,
,,,,,,,,,,,,,,,,,,,,,,,,,,,,,,
,,,,,,,,,,,,,,,,,,,,,,,,,,,,,,
,,,,,,,,,,,,,,,,,,,,,,,,,,,,,,
,,,,,,,,,,,,,,,,,,,,,,,,,,,,,,
,,,,,,,,,,,,,,,,,,,,,,,,,,,,,,
,,,,,,,,,,,,,,,,,,,,,,,,,,,,,,
,,,,,,,,,,,,,,,,,,,,,,,,,,,,,,
,,,,,,,,,,,,,,,,,,,,,,,,,,,,,,
,,,,,,,,,,,,,,,,,,,,,,,,,,,,,,
,,,,,,,,,,,,,,,,,,,,,,,,,,,,,,
,,,,,,,,,,,,,,,,,,,,,,,,,,,,,,
,,,,,,,,,,,,,,,,,,,,,,,,,,,,,,
,,,,,,,,,,,,,,,,,,,,,,,,,,,,,,
,,,,,,,,,,,,,,,,,,,,,,,,,,,,,,
,,,,,,,,,,,,,,,,,,,,,,,,,,,,,,
,,,,,,,,,,,,,,,,,,,,,,,,,,,,,,
,,,,,,,,,,,,,,,,,,,,,,,,,,,,,,
,,,,,,,,,,,,,,,,,,,,,,,,,,,,,,
,,,,,,,,,,,,,,,,,,,,,,,,,,,,,,
,,,,,,,,,,,,,,,,,,,,,,,,,,,,,,
,,,,,,,,,,,,,,,,,,,,,,,,,,,,,,
,,,,,,,,,,,,,,,,,,,,,,,,,,,,,,
,,,,,,,,,,,,,,,,,,,,,,,,,,,,,,
,,,,,,,,,,,,,,,,,,,,,,,,,,,,,,
,,,,,,,,,,,,,,,,,,,,,,,,,,,,,,
,,,,,,,,,,,,,,,,,,,,,,,,,,,,,,
,,,,,,,,,,,,,,,,,,,,,,,,,,,,,,
,,,,,,,,,,,,,,,,,,,,,,,,,,,,,,
,,,,,,,,,,,,,,,,,,,,,,,,,,,,,,
,,,,,,,,,,,,,,,,,,,,,,,,,,,,,,
,,,,,,,,,,,,,,,,,,,,,,,,,,,,,,
,,,,,,,,,,,,,,,,,,,,,,,,,,,,,,
,,,,,,,,,,,,,,,,,,,,,,,,,,,,,,
,,,,,,,,,,,,,,,,,,,,,,,,,,,,,,
,,,,,,,,,,,,,,,,,,,,,,,,,,,,,,
,,,,,,,,,,,,,,,,,,,,,,,,,,,,,,
,,,,,,,,,,,,,,,,,,,,,,,,,,,,,,
,,,,,,,,,,,,,,,,,,,,,,,,,,,,,,
,,,,,,,,,,,,,,,,,,,,,,,,,,,,,,
,,,,,,,,,,,,,,,,,,,,,,,,,,,,,,
,,,,,,,,,,,,,,,,,,,,,,,,,,,,,,
,,,,,,,,,,,,,,,,,,,,,,,,,,,,,,
,,,,,,,,,,,,,,,,,,,,,,,,,,,,,,
,,,,,,,,,,,,,,,,,,,,,,,,,,,,,,
,,,,,,,,,,,,,,,,,,,,,,,,,,,,,,
,,,,,,,,,,,,,,,,,,,,,,,,,,,,,,
,,,,,,,,,,,,,,,,,,,,,,,,,,,,,,
,,,,,,,,,,,,,,,,,,,,,,,,,,,,,,
,,,,,,,,,,,,,,,,,,,,,,,,,,,,,,
,,,,,,,,,,,,,,,,,,,,,,,,,,,,,,
,,,,,,,,,,,,,,,,,,,,,,,,,,,,,,
,,,,,,,,,,,,,,,,,,,,,,,,,,,,,,
,,,,,,,,,,,,,,,,,,,,,,,,,,,,,,
,,,,,,,,,,,,,,,,,,,,,,,,,,,,,,
,,,,,,,,,,,,,,,,,,,,,,,,,,,,,,
,,,,,,,,,,,,,,,,,,,,,,,,,,,,,,
,,,,,,,,,,,,,,,,,,,,,,,,,,,,,,
,,,,,,,,,,,,,,,,,,,,,,,,,,,,,,
,,,,,,,,,,,,,,,,,,,,,,,,,,,,,,
,,,,,,,,,,,,,,,,,,,,,,,,,,,,,,
,,,,,,,,,,,,,,,,,,,,,,,,,,,,,,
,,,,,,,,,,,,,,,,,,,,,,,,,,,,,,
,,,,,,,,,,,,,,,,,,,,,,,,,,,,,,
,,,,,,,,,,,,,,,,,,,,,,,,,,,,,,
,,,,,,,,,,,,,,,,,,,,,,,,,,,,,,
,,,,,,,,,,,,,,,,,,,,,,,,,,,,,,
,,,,,,,,,,,,,,,,,,,,,,,,,,,,,,
,,,,,,,,,,,,,,,,,,,,,,,,,,,,,,
,,,,,,,,,,,,,,,,,,,,,,,,,,,,,,
,,,,,,,,,,,,,,,,,,,,,,,,,,,,,,
,,,,,,,,,,,,,,,,,,,,,,,,,,,,,,
,,,,,,,,,,,,,,,,,,,,,,,,,,,,,,
,,,,,,,,,,,,,,,,,,,,,,,,,,,,,,
,,,,,,,,,,,,,,,,,,,,,,,,,,,,,,
,,,,,,,,,,,,,,,,,,,,,,,,,,,,,,
,,,,,,,,,,,,,,,,,,,,,,,,,,,,,,
,,,,,,,,,,,,,,,,,,,,,,,,,,,,,,
,,,,,,,,,,,,,,,,,,,,,,,,,,,,,,
,,,,,,,,,,,,,,,,,,,,,,,,,,,,,,
,,,,,,,,,,,,,,,,,,,,,,,,,,,,,,
,,,,,,,,,,,,,,,,,,,,,,,,,,,,,,
,,,,,,,,,,,,,,,,,,,,,,,,,,,,,,
,,,,,,,,,,,,,,,,,,,,,,,,,,,,,,
,,,,,,,,,,,,,,,,,,,,,,,,,,,,,,
,,,,,,,,,,,,,,,,,,,,,,,,,,,,,,
,,,,,,,,,,,,,,,,,,,,,,,,,,,,,,
,,,,,,,,,,,,,,,,,,,,,,,,,,,,,,
,,,,,,,,,,,,,,,,,,,,,,,,,,,,,,
,,,,,,,,,,,,,,,,,,,,,,,,,,,,,,
,,,,,,,,,,,,,,,,,,,,,,,,,,,,,,
,,,,,,,,,,,,,,,,,,,,,,,,,,,,,,
,,,,,,,,,,,,,,,,,,,,,,,,,,,,,,
,,,,,,,,,,,,,,,,,,,,,,,,,,,,,,
,,,,,,,,,,,,,,,,,,,,,,,,,,,,,,
,,,,,,,,,,,,,,,,,,,,,,,,,,,,,,
,,,,,,,,,,,,,,,,,,,,,,,,,,,,,,
,,,,,,,,,,,,,,,,,,,,,,,,,,,,,,
,,,,,,,,,,,,,,,,,,,,,,,,,,,,,,
,,,,,,,,,,,,,,,,,,,,,,,,,,,,,,
,,,,,,,,,,,,,,,,,,,,,,,,,,,,,,
,,,,,,,,,,,,,,,,,,,,,,,,,,,,,,
,,,,,,,,,,,,,,,,,,,,,,,,,,,,,,
,,,,,,,,,,,,,,,,,,,,,,,,,,,,,,
,,,,,,,,,,,,,,,,,,,,,,,,,,,,,,
,,,,,,,,,,,,,,,,,,,,,,,,,,,,,,
,,,,,,,,,,,,,,,,,,,,,,,,,,,,,,
,,,,,,,,,,,,,,,,,,,,,,,,,,,,,,
,,,,,,,,,,,,,,,,,,,,,,,,,,,,,,
,,,,,,,,,,,,,,,,,,,,,,,,,,,,,,
,,,,,,,,,,,,,,,,,,,,,,,,,,,,,,
,,,,,,,,,,,,,,,,,,,,,,,,,,,,,,
,,,,,,,,,,,,,,,,,,,,,,,,,,,,,,
,,,,,,,,,,,,,,,,,,,,,,,,,,,,,,
,,,,,,,,,,,,,,,,,,,,,,,,,,,,,,
,,,,,,,,,,,,,,,,,,,,,,,,,,,,,,
,,,,,,,,,,,,,,,,,,,,,,,,,,,,,,
,,,,,,,,,,,,,,,,,,,,,,,,,,,,,,
,,,,,,,,,,,,,,,,,,,,,,,,,,,,,,
,,,,,,,,,,,,,,,,,,,,,,,,,,,,,,
,,,,,,,,,,,,,,,,,,,,,,,,,,,,,,
,,,,,,,,,,,,,,,,,,,,,,,,,,,,,,
,,,,,,,,,,,,,,,,,,,,,,,,,,,,,,
,,,,,,,,,,,,,,,,,,,,,,,,,,,,,,
,,,,,,,,,,,,,,,,,,,,,,,,,,,,,,
,,,,,,,,,,,,,,,,,,,,,,,,,,,,,,
,,,,,,,,,,,,,,,,,,,,,,,,,,,,,,
,,,,,,,,,,,,,,,,,,,,,,,,,,,,,,
,,,,,,,,,,,,,,,,,,,,,,,,,,,,,,
,,,,,,,,,,,,,,,,,,,,,,,,,,,,,,
,,,,,,,,,,,,,,,,,,,,,,,,,,,,,,
,,,,,,,,,,,,,,,,,,,,,,,,,,,,,,
,,,,,,,,,,,,,,,,,,,,,,,,,,,,,,
,,,,,,,,,,,,,,,,,,,,,,,,,,,,,,
,,,,,,,,,,,,,,,,,,,,,,,,,,,,,,
,,,,,,,,,,,,,,,,,,,,,,,,,,,,,,
,,,,,,,,,,,,,,,,,,,,,,,,,,,,,,
,,,,,,,,,,,,,,,,,,,,,,,,,,,,,,
,,,,,,,,,,,,,,,,,,,,,,,,,,,,,,
,,,,,,,,,,,,,,,,,,,,,,,,,,,,,,
,,,,,,,,,,,,,,,,,,,,,,,,,,,,,,
,,,,,,,,,,,,,,,,,,,,,,,,,,,,,,
,,,,,,,,,,,,,,,,,,,,,,,,,,,,,,
,,,,,,,,,,,,,,,,,,,,,,,,,,,,,,
,,,,,,,,,,,,,,,,,,,,,,,,,,,,,,
,,,,,,,,,,,,,,,,,,,,,,,,,,,,,,
,,,,,,,,,,,,,,,,,,,,,,,,,,,,,,
,,,,,,,,,,,,,,,,,,,,,,,,,,,,,,
,,,,,,,,,,,,,,,,,,,,,,,,,,,,,,
,,,,,,,,,,,,,,,,,,,,,,,,,,,,,,
,,,,,,,,,,,,,,,,,,,,,,,,,,,,,,
,,,,,,,,,,,,,,,,,,,,,,,,,,,,,,
,,,,,,,,,,,,,,,,,,,,,,,,,,,,,,
,,,,,,,,,,,,,,,,,,,,,,,,,,,,,,
,,,,,,,,,,,,,,,,,,,,,,,,,,,,,,
,,,,,,,,,,,,,,,,,,,,,,,,,,,,,,
,,,,,,,,,,,,,,,,,,,,,,,,,,,,,,
,,,,,,,,,,,,,,,,,,,,,,,,,,,,,,
,,,,,,,,,,,,,,,,,,,,,,,,,,,,,,
,,,,,,,,,,,,,,,,,,,,,,,,,,,,,,
,,,,,,,,,,,,,,,,,,,,,,,,,,,,,,
,,,,,,,,,,,,,,,,,,,,,,,,,,,,,,
,,,,,,,,,,,,,,,,,,,,,,,,,,,,,,
,,,,,,,,,,,,,,,,,,,,,,,,,,,,,,
,,,,,,,,,,,,,,,,,,,,,,,,,,,,,,
,,,,,,,,,,,,,,,,,,,,,,,,,,,,,,
,,,,,,,,,,,,,,,,,,,,,,,,,,,,,,
,,,,,,,,,,,,,,,,,,,,,,,,,,,,,,
,,,,,,,,,,,,,,,,,,,,,,,,,,,,,,
,,,,,,,,,,,,,,,,,,,,,,,,,,,,,,
,,,,,,,,,,,,,,,,,,,,,,,,,,,,,,
,,,,,,,,,,,,,,,,,,,,,,,,,,,,,,
,,,,,,,,,,,,,,,,,,,,,,,,,,,,,,
,,,,,,,,,,,,,,,,,,,,,,,,,,,,,,
,,,,,,,,,,,,,,,,,,,,,,,,,,,,,,
,,,,,,,,,,,,,,,,,,,,,,,,,,,,,,
,,,,,,,,,,,,,,,,,,,,,,,,,,,,,,
,,,,,,,,,,,,,,,,,,,,,,,,,,,,,,
,,,,,,,,,,,,,,,,,,,,,,,,,,,,,,
,,,,,,,,,,,,,,,,,,,,,,,,,,,,,,
,,,,,,,,,,,,,,,,,,,,,,,,,,,,,,
,,,,,,,,,,,,,,,,,,,,,,,,,,,,,,
,,,,,,,,,,,,,,,,,,,,,,,,,,,,,,
,,,,,,,,,,,,,,,,,,,,,,,,,,,,,,
,,,,,,,,,,,,,,,,,,,,,,,,,,,,,,
,,,,,,,,,,,,,,,,,,,,,,,,,,,,,,
,,,,,,,,,,,,,,,,,,,,,,,,,,,,,,
,,,,,,,,,,,,,,,,,,,,,,,,,,,,,,
,,,,,,,,,,,,,,,,,,,,,,,,,,,,,,
,,,,,,,,,,,,,,,,,,,,,,,,,,,,,,
,,,,,,,,,,,,,,,,,,,,,,,,,,,,,,
,,,,,,,,,,,,,,,,,,,,,,,,,,,,,,
,,,,,,,,,,,,,,,,,,,,,,,,,,,,,,
,,,,,,,,,,,,,,,,,,,,,,,,,,,,,,
,,,,,,,,,,,,,,,,,,,,,,,,,,,,,,
,,,,,,,,,,,,,,,,,,,,,,,,,,,,,,
,,,,,,,,,,,,,,,,,,,,,,,,,,,,,,
,,,,,,,,,,,,,,,,,,,,,,,,,,,,,,
,,,,,,,,,,,,,,,,,,,,,,,,,,,,,,
,,,,,,,,,,,,,,,,,,,,,,,,,,,,,,
,,,,,,,,,,,,,,,,,,,,,,,,,,,,,,
,,,,,,,,,,,,,,,,,,,,,,,,,,,,,,
,,,,,,,,,,,,,,,,,,,,,,,,,,,,,,
,,,,,,,,,,,,,,,,,,,,,,,,,,,,,,
,,,,,,,,,,,,,,,,,,,,,,,,,,,,,,
,,,,,,,,,,,,,,,,,,,,,,,,,,,,,,
,,,,,,,,,,,,,,,,,,,,,,,,,,,,,,
,,,,,,,,,,,,,,,,,,,,,,,,,,,,,,
,,,,,,,,,,,,,,,,,,,,,,,,,,,,,,
,,,,,,,,,,,,,,,,,,,,,,,,,,,,,,
,,,,,,,,,,,,,,,,,,,,,,,,,,,,,,
,,,,,,,,,,,,,,,,,,,,,,,,,,,,,,
,,,,,,,,,,,,,,,,,,,,,,,,,,,,,,
,,,,,,,,,,,,,,,,,,,,,,,,,,,,,,
,,,,,,,,,,,,,,,,,,,,,,,,,,,,,,
,,,,,,,,,,,,,,,,,,,,,,,,,,,,,,
,,,,,,,,,,,,,,,,,,,,,,,,,,,,,,
,,,,,,,,,,,,,,,,,,,,,,,,,,,,,,
,,,,,,,,,,,,,,,,,,,,,,,,,,,,,,
,,,,,,,,,,,,,,,,,,,,,,,,,,,,,,
,,,,,,,,,,,,,,,,,,,,,,,,,,,,,,
,,,,,,,,,,,,,,,,,,,,,,,,,,,,,,
,,,,,,,,,,,,,,,,,,,,,,,,,,,,,,
,,,,,,,,,,,,,,,,,,,,,,,,,,,,,,
,,,,,,,,,,,,,,,,,,,,,,,,,,,,,,
,,,,,,,,,,,,,,,,,,,,,,,,,,,,,,
,,,,,,,,,,,,,,,,,,,,,,,,,,,,,,
,,,,,,,,,,,,,,,,,,,,,,,,,,,,,,
,,,,,,,,,,,,,,,,,,,,,,,,,,,,,,
,,,,,,,,,,,,,,,,,,,,,,,,,,,,,,
,,,,,,,,,,,,,,,,,,,,,,,,,,,,,,
,,,,,,,,,,,,,,,,,,,,,,,,,,,,,,
,,,,,,,,,,,,,,,,,,,,,,,,,,,,,,
,,,,,,,,,,,,,,,,,,,,,,,,,,,,,,
,,,,,,,,,,,,,,,,,,,,,,,,,,,,,,
,,,,,,,,,,,,,,,,,,,,,,,,,,,,,,
,,,,,,,,,,,,,,,,,,,,,,,,,,,,,,
,,,,,,,,,,,,,,,,,,,,,,,,,,,,,,
,,,,,,,,,,,,,,,,,,,,,,,,,,,,,,
,,,,,,,,,,,,,,,,,,,,,,,,,,,,,,
,,,,,,,,,,,,,,,,,,,,,,,,,,,,,,
,,,,,,,,,,,,,,,,,,,,,,,,,,,,,,
,,,,,,,,,,,,,,,,,,,,,,,,,,,,,,
,,,,,,,,,,,,,,,,,,,,,,,,,,,,,,
,,,,,,,,,,,,,,,,,,,,,,,,,,,,,,
,,,,,,,,,,,,,,,,,,,,,,,,,,,,,,
,,,,,,,,,,,,,,,,,,,,,,,,,,,,,,
,,,,,,,,,,,,,,,,,,,,,,,,,,,,,,
,,,,,,,,,,,,,,,,,,,,,,,,,,,,,,
,,,,,,,,,,,,,,,,,,,,,,,,,,,,,,
,,,,,,,,,,,,,,,,,,,,,,,,,,,,,,
,,,,,,,,,,,,,,,,,,,,,,,,,,,,,,
,,,,,,,,,,,,,,,,,,,,,,,,,,,,,,
,,,,,,,,,,,,,,,,,,,,,,,,,,,,,,
,,,,,,,,,,,,,,,,,,,,,,,,,,,,,,
,,,,,,,,,,,,,,,,,,,,,,,,,,,,,,
,,,,,,,,,,,,,,,,,,,,,,,,,,,,,,
,,,,,,,,,,,,,,,,,,,,,,,,,,,,,,
,,,,,,,,,,,,,,,,,,,,,,,,,,,,,,
,,,,,,,,,,,,,,,,,,,,,,,,,,,,,,
,,,,,,,,,,,,,,,,,,,,,,,,,,,,,,
,,,,,,,,,,,,,,,,,,,,,,,,,,,,,,
,,,,,,,,,,,,,,,,,,,,,,,,,,,,,,
,,,,,,,,,,,,,,,,,,,,,,,,,,,,,,
,,,,,,,,,,,,,,,,,,,,,,,,,,,,,,
,,,,,,,,,,,,,,,,,,,,,,,,,,,,,,
,,,,,,,,,,,,,,,,,,,,,,,,,,,,,,
,,,,,,,,,,,,,,,,,,,,,,,,,,,,,,
,,,,,,,,,,,,,,,,,,,,,,,,,,,,,,
,,,,,,,,,,,,,,,,,,,,,,,,,,,,,,
,,,,,,,,,,,,,,,,,,,,,,,,,,,,,,
,,,,,,,,,,,,,,,,,,,,,,,,,,,,,,
,,,,,,,,,,,,,,,,,,,,,,,,,,,,,,
,,,,,,,,,,,,,,,,,,,,,,,,,,,,,,
,,,,,,,,,,,,,,,,,,,,,,,,,,,,,,
,,,,,,,,,,,,,,,,,,,,,,,,,,,,,,
,,,,,,,,,,,,,,,,,,,,,,,,,,,,,,
,,,,,,,,,,,,,,,,,,,,,,,,,,,,,,
,,,,,,,,,,,,,,,,,,,,,,,,,,,,,,
,,,,,,,,,,,,,,,,,,,,,,,,,,,,,,
,,,,,,,,,,,,,,,,,,,,,,,,,,,,,,
,,,,,,,,,,,,,,,,,,,,,,,,,,,,,,
,,,,,,,,,,,,,,,,,,,,,,,,,,,,,,
,,,,,,,,,,,,,,,,,,,,,,,,,,,,,,
,,,,,,,,,,,,,,,,,,,,,,,,,,,,,,
,,,,,,,,,,,,,,,,,,,,,,,,,,,,,,
,,,,,,,,,,,,,,,,,,,,,,,,,,,,,,
,,,,,,,,,,,,,,,,,,,,,,,,,,,,,,
,,,,,,,,,,,,,,,,,,,,,,,,,,,,,,
,,,,,,,,,,,,,,,,,,,,,,,,,,,,,,
,,,,,,,,,,,,,,,,,,,,,,,,,,,,,,
,,,,,,,,,,,,,,,,,,,,,,,,,,,,,,
,,,,,,,,,,,,,,,,,,,,,,,,,,,,,,
,,,,,,,,,,,,,,,,,,,,,,,,,,,,,,
,,,,,,,,,,,,,,,,,,,,,,,,,,,,,,
,,,,,,,,,,,,,,,,,,,,,,,,,,,,,,
,,,,,,,,,,,,,,,,,,,,,,,,,,,,,,
,,,,,,,,,,,,,,,,,,,,,,,,,,,,,,
,,,,,,,,,,,,,,,,,,,,,,,,,,,,,,
,,,,,,,,,,,,,,,,,,,,,,,,,,,,,,
,,,,,,,,,,,,,,,,,,,,,,,,,,,,,,
,,,,,,,,,,,,,,,,,,,,,,,,,,,,,,
,,,,,,,,,,,,,,,,,,,,,,,,,,,,,,
,,,,,,,,,,,,,,,,,,,,,,,,,,,,,,
,,,,,,,,,,,,,,,,,,,,,,,,,,,,,,
,,,,,,,,,,,,,,,,,,,,,,,,,,,,,,
,,,,,,,,,,,,,,,,,,,,,,,,,,,,,,
,,,,,,,,,,,,,,,,,,,,,,,,,,,,,,
,,,,,,,,,,,,,,,,,,,,,,,,,,,,,,
,,,,,,,,,,,,,,,,,,,,,,,,,,,,,,
,,,,,,,,,,,,,,,,,,,,,,,,,,,,,,
,,,,,,,,,,,,,,,,,,,,,,,,,,,,,,
,,,,,,,,,,,,,,,,,,,,,,,,,,,,,,
,,,,,,,,,,,,,,,,,,,,,,,,,,,,,,
,,,,,,,,,,,,,,,,,,,,,,,,,,,,,,
,,,,,,,,,,,,,,,,,,,,,,,,,,,,,,
,,,,,,,,,,,,,,,,,,,,,,,,,,,,,,
,,,,,,,,,,,,,,,,,,,,,,,,,,,,,,
,,,,,,,,,,,,,,,,,,,,,,,,,,,,,,
,,,,,,,,,,,,,,,,,,,,,,,,,,,,,,
,,,,,,,,,,,,,,,,,,,,,,,,,,,,,,
,,,,,,,,,,,,,,,,,,,,,,,,,,,,,,
,,,,,,,,,,,,,,,,,,,,,,,,,,,,,,
,,,,,,,,,,,,,,,,,,,,,,,,,,,,,,
,,,,,,,,,,,,,,,,,,,,,,,,,,,,,,
,,,,,,,,,,,,,,,,,,,,,,,,,,,,,,
,,,,,,,,,,,,,,,,,,,,,,,,,,,,,,
,,,,,,,,,,,,,,,,,,,,,,,,,,,,,,
,,,,,,,,,,,,,,,,,,,,,,,,,,,,,,
,,,,,,,,,,,,,,,,,,,,,,,,,,,,,,
,,,,,,,,,,,,,,,,,,,,,,,,,,,,,,
,,,,,,,,,,,,,,,,,,,,,,,,,,,,,,
,,,,,,,,,,,,,,,,,,,,,,,,,,,,,,
,,,,,,,,,,,,,,,,,,,,,,,,,,,,,,
,,,,,,,,,,,,,,,,,,,,,,,,,,,,,,
,,,,,,,,,,,,,,,,,,,,,,,,,,,,,,
,,,,,,,,,,,,,,,,,,,,,,,,,,,,,,
,,,,,,,,,,,,,,,,,,,,,,,,,,,,,,
,,,,,,,,,,,,,,,,,,,,,,,,,,,,,,
,,,,,,,,,,,,,,,,,,,,,,,,,,,,,,
,,,,,,,,,,,,,,,,,,,,,,,,,,,,,,
,,,,,,,,,,,,,,,,,,,,,,,,,,,,,,
,,,,,,,,,,,,,,,,,,,,,,,,,,,,,,
,,,,,,,,,,,,,,,,,,,,,,,,,,,,,,
,,,,,,,,,,,,,,,,,,,,,,,,,,,,,,
,,,,,,,,,,,,,,,,,,,,,,,,,,,,,,
,,,,,,,,,,,,,,,,,,,,,,,,,,,,,,
,,,,,,,,,,,,,,,,,,,,,,,,,,,,,,
,,,,,,,,,,,,,,,,,,,,,,,,,,,,,,
,,,,,,,,,,,,,,,,,,,,,,,,,,,,,,
,,,,,,,,,,,,,,,,,,,,,,,,,,,,,,
,,,,,,,,,,,,,,,,,,,,,,,,,,,,,,
,,,,,,,,,,,,,,,,,,,,,,,,,,,,,,
,,,,,,,,,,,,,,,,,,,,,,,,,,,,,,
,,,,,,,,,,,,,,,,,,,,,,,,,,,,,,
,,,,,,,,,,,,,,,,,,,,,,,,,,,,,,
,,,,,,,,,,,,,,,,,,,,,,,,,,,,,,
,,,,,,,,,,,,,,,,,,,,,,,,,,,,,,
,,,,,,,,,,,,,,,,,,,,,,,,,,,,,,
,,,,,,,,,,,,,,,,,,,,,,,,,,,,,,
,,,,,,,,,,,,,,,,,,,,,,,,,,,,,,
,,,,,,,,,,,,,,,,,,,,,,,,,,,,,,
,,,,,,,,,,,,,,,,,,,,,,,,,,,,,,
,,,,,,,,,,,,,,,,,,,,,,,,,,,,,,
,,,,,,,,,,,,,,,,,,,,,,,,,,,,,,
,,,,,,,,,,,,,,,,,,,,,,,,,,,,,,
,,,,,,,,,,,,,,,,,,,,,,,,,,,,,,
,,,,,,,,,,,,,,,,,,,,,,,,,,,,,,
,,,,,,,,,,,,,,,,,,,,,,,,,,,,,,
,,,,,,,,,,,,,,,,,,,,,,,,,,,,,,
,,,,,,,,,,,,,,,,,,,,,,,,,,,,,,
,,,,,,,,,,,,,,,,,,,,,,,,,,,,,,
,,,,,,,,,,,,,,,,,,,,,,,,,,,,,,
,,,,,,,,,,,,,,,,,,,,,,,,,,,,,,
,,,,,,,,,,,,,,,,,,,,,,,,,,,,,,
,,,,,,,,,,,,,,,,,,,,,,,,,,,,,,
,,,,,,,,,,,,,,,,,,,,,,,,,,,,,,
,,,,,,,,,,,,,,,,,,,,,,,,,,,,,,
,,,,,,,,,,,,,,,,,,,,,,,,,,,,,,
,,,,,,,,,,,,,,,,,,,,,,,,,,,,,,
,,,,,,,,,,,,,,,,,,,,,,,,,,,,,,
,,,,,,,,,,,,,,,,,,,,,,,,,,,,,,
,,,,,,,,,,,,,,,,,,,,,,,,,,,,,,
,,,,,,,,,,,,,,,,,,,,,,,,,,,,,,
,,,,,,,,,,,,,,,,,,,,,,,,,,,,,,
,,,,,,,,,,,,,,,,,,,,,,,,,,,,,,
,,,,,,,,,,,,,,,,,,,,,,,,,,,,,,
,,,,,,,,,,,,,,,,,,,,,,,,,,,,,,
,,,,,,,,,,,,,,,,,,,,,,,,,,,,,,
,,,,,,,,,,,,,,,,,,,,,,,,,,,,,,
,,,,,,,,,,,,,,,,,,,,,,,,,,,,,,
,,,,,,,,,,,,,,,,,,,,,,,,,,,,,,
,,,,,,,,,,,,,,,,,,,,,,,,,,,,,,
,,,,,,,,,,,,,,,,,,,,,,,,,,,,,,
,,,,,,,,,,,,,,,,,,,,,,,,,,,,,,
,,,,,,,,,,,,,,,,,,,,,,,,,,,,,,
,,,,,,,,,,,,,,,,,,,,,,,,,,,,,,
,,,,,,,,,,,,,,,,,,,,,,,,,,,,,,
,,,,,,,,,,,,,,,,,,,,,,,,,,,,,,
,,,,,,,,,,,,,,,,,,,,,,,,,,,,,,
,,,,,,,,,,,,,,,,,,,,,,,,,,,,,,
,,,,,,,,,,,,,,,,,,,,,,,,,,,,,,
,,,,,,,,,,,,,,,,,,,,,,,,,,,,,,
,,,,,,,,,,,,,,,,,,,,,,,,,,,,,,
,,,,,,,,,,,,,,,,,,,,,,,,,,,,,,
,,,,,,,,,,,,,,,,,,,,,,,,,,,,,,
,,,,,,,,,,,,,,,,,,,,,,,,,,,,,,
,,,,,,,,,,,,,,,,,,,,,,,,,,,,,,
,,,,,,,,,,,,,,,,,,,,,,,,,,,,,,
,,,,,,,,,,,,,,,,,,,,,,,,,,,,,,
,,,,,,,,,,,,,,,,,,,,,,,,,,,,,,
,,,,,,,,,,,,,,,,,,,,,,,,,,,,,,
,,,,,,,,,,,,,,,,,,,,,,,,,,,,,,
,,,,,,,,,,,,,,,,,,,,,,,,,,,,,,
,,,,,,,,,,,,,,,,,,,,,,,,,,,,,,
,,,,,,,,,,,,,,,,,,,,,,,,,,,,,,
,,,,,,,,,,,,,,,,,,,,,,,,,,,,,,
,,,,,,,,,,,,,,,,,,,,,,,,,,,,,,
,,,,,,,,,,,,,,,,,,,,,,,,,,,,,,
,,,,,,,,,,,,,,,,,,,,,,,,,,,,,,
,,,,,,,,,,,,,,,,,,,,,,,,,,,,,,
,,,,,,,,,,,,,,,,,,,,,,,,,,,,,,
,,,,,,,,,,,,,,,,,,,,,,,,,,,,,,
,,,,,,,,,,,,,,,,,,,,,,,,,,,,,,
,,,,,,,,,,,,,,,,,,,,,,,,,,,,,,
,,,,,,,,,,,,,,,,,,,,,,,,,,,,,,
,,,,,,,,,,,,,,,,,,,,,,,,,,,,,,
,,,,,,,,,,,,,,,,,,,,,,,,,,,,,,
,,,,,,,,,,,,,,,,,,,,,,,,,,,,,,
,,,,,,,,,,,,,,,,,,,,,,,,,,,,,,
,,,,,,,,,,,,,,,,,,,,,,,,,,,,,,
,,,,,,,,,,,,,,,,,,,,,,,,,,,,,,
,,,,,,,,,,,,,,,,,,,,,,,,,,,,,,
,,,,,,,,,,,,,,,,,,,,,,,,,,,,,,
,,,,,,,,,,,,,,,,,,,,,,,,,,,,,,
,,,,,,,,,,,,,,,,,,,,,,,,,,,,,,
,,,,,,,,,,,,,,,,,,,,,,,,,,,,,,
,,,,,,,,,,,,,,,,,,,,,,,,,,,,,,
,,,,,,,,,,,,,,,,,,,,,,,,,,,,,,
,,,,,,,,,,,,,,,,,,,,,,,,,,,,,,
,,,,,,,,,,,,,,,,,,,,,,,,,,,,,,
,,,,,,,,,,,,,,,,,,,,,,,,,,,,,,
,,,,,,,,,,,,,,,,,,,,,,,,,,,,,,
,,,,,,,,,,,,,,,,,,,,,,,,,,,,,,
,,,,,,,,,,,,,,,,,,,,,,,,,,,,,,
,,,,,,,,,,,,,,,,,,,,,,,,,,,,,,
,,,,,,,,,,,,,,,,,,,,,,,,,,,,,,
,,,,,,,,,,,,,,,,,,,,,,,,,,,,,,
,,,,,,,,,,,,,,,,,,,,,,,,,,,,,,
,,,,,,,,,,,,,,,,,,,,,,,,,,,,,,
,,,,,,,,,,,,,,,,,,,,,,,,,,,,,,
,,,,,,,,,,,,,,,,,,,,,,,,,,,,,,
,,,,,,,,,,,,,,,,,,,,,,,,,,,,,,
,,,,,,,,,,,,,,,,,,,,,,,,,,,,,,
,,,,,,,,,,,,,,,,,,,,,,,,,,,,,,
,,,,,,,,,,,,,,,,,,,,,,,,,,,,,,
,,,,,,,,,,,,,,,,,,,,,,,,,,,,,,
,,,,,,,,,,,,,,,,,,,,,,,,,,,,,,
,,,,,,,,,,,,,,,,,,,,,,,,,,,,,,
,,,,,,,,,,,,,,,,,,,,,,,,,,,,,,
,,,,,,,,,,,,,,,,,,,,,,,,,,,,,,
,,,,,,,,,,,,,,,,,,,,,,,,,,,,,,
,,,,,,,,,,,,,,,,,,,,,,,,,,,,,,
,,,,,,,,,,,,,,,,,,,,,,,,,,,,,,
,,,,,,,,,,,,,,,,,,,,,,,,,,,,,,
,,,,,,,,,,,,,,,,,,,,,,,,,,,,,,
,,,,,,,,,,,,,,,,,,,,,,,,,,,,,,
,,,,,,,,,,,,,,,,,,,,,,,,,,,,,,
,,,,,,,,,,,,,,,,,,,,,,,,,,,,,,
,,,,,,,,,,,,,,,,,,,,,,,,,,,,,,
,,,,,,,,,,,,,,,,,,,,,,,,,,,,,,
,,,,,,,,,,,,,,,,,,,,,,,,,,,,,,
,,,,,,,,,,,,,,,,,,,,,,,,,,,,,,
,,,,,,,,,,,,,,,,,,,,,,,,,,,,,,
,,,,,,,,,,,,,,,,,,,,,,,,,,,,,,
,,,,,,,,,,,,,,,,,,,,,,,,,,,,,,
,,,,,,,,,,,,,,,,,,,,,,,,,,,,,,
,,,,,,,,,,,,,,,,,,,,,,,,,,,,,,
,,,,,,,,,,,,,,,,,,,,,,,,,,,,,,
,,,,,,,,,,,,,,,,,,,,,,,,,,,,,,
,,,,,,,,,,,,,,,,,,,,,,,,,,,,,,
,,,,,,,,,,,,,,,,,,,,,,,,,,,,,,
,,,,,,,,,,,,,,,,,,,,,,,,,,,,,,
,,,,,,,,,,,,,,,,,,,,,,,,,,,,,,
,,,,,,,,,,,,,,,,,,,,,,,,,,,,,,
,,,,,,,,,,,,,,,,,,,,,,,,,,,,,,
,,,,,,,,,,,,,,,,,,,,,,,,,,,,,,
,,,,,,,,,,,,,,,,,,,,,,,,,,,,,,
,,,,,,,,,,,,,,,,,,,,,,,,,,,,,,
,,,,,,,,,,,,,,,,,,,,,,,,,,,,,,
,,,,,,,,,,,,,,,,,,,,,,,,,,,,,,
,,,,,,,,,,,,,,,,,,,,,,,,,,,,,,
,,,,,,,,,,,,,,,,,,,,,,,,,,,,,,
,,,,,,,,,,,,,,,,,,,,,,,,,,,,,,
,,,,,,,,,,,,,,,,,,,,,,,,,,,,,,
,,,,,,,,,,,,,,,,,,,,,,,,,,,,,,
,,,,,,,,,,,,,,,,,,,,,,,,,,,,,,
,,,,,,,,,,,,,,,,,,,,,,,,,,,,,,
,,,,,,,,,,,,,,,,,,,,,,,,,,,,,,
,,,,,,,,,,,,,,,,,,,,,,,,,,,,,,
,,,,,,,,,,,,,,,,,,,,,,,,,,,,,,
,,,,,,,,,,,,,,,,,,,,,,,,,,,,,,
,,,,,,,,,,,,,,,,,,,,,,,,,,,,,,
,,,,,,,,,,,,,,,,,,,,,,,,,,,,,,
,,,,,,,,,,,,,,,,,,,,,,,,,,,,,,
,,,,,,,,,,,,,,,,,,,,,,,,,,,,,,
,,,,,,,,,,,,,,,,,,,,,,,,,,,,,,
,,,,,,,,,,,,,,,,,,,,,,,,,,,,,,
,,,,,,,,,,,,,,,,,,,,,,,,,,,,,,
,,,,,,,,,,,,,,,,,,,,,,,,,,,,,,
,,,,,,,,,,,,,,,,,,,,,,,,,,,,,,
,,,,,,,,,,,,,,,,,,,,,,,,,,,,,,
,,,,,,,,,,,,,,,,,,,,,,,,,,,,,,
,,,,,,,,,,,,,,,,,,,,,,,,,,,,,,
,,,,,,,,,,,,,,,,,,,,,,,,,,,,,,
,,,,,,,,,,,,,,,,,,,,,,,,,,,,,,
,,,,,,,,,,,,,,,,,,,,,,,,,,,,,,
,,,,,,,,,,,,,,,,,,,,,,,,,,,,,,
,,,,,,,,,,,,,,,,,,,,,,,,,,,,,,
,,,,,,,,,,,,,,,,,,,,,,,,,,,,,,
,,,,,,,,,,,,,,,,,,,,,,,,,,,,,,
,,,,,,,,,,,,,,,,,,,,,,,,,,,,,,
,,,,,,,,,,,,,,,,,,,,,,,,,,,,,,
,,,,,,,,,,,,,,,,,,,,,,,,,,,,,,
,,,,,,,,,,,,,,,,,,,,,,,,,,,,,,
,,,,,,,,,,,,,,,,,,,,,,,,,,,,,,
,,,,,,,,,,,,,,,,,,,,,,,,,,,,,,
,,,,,,,,,,,,,,,,,,,,,,,,,,,,,,
,,,,,,,,,,,,,,,,,,,,,,,,,,,,,,
,,,,,,,,,,,,,,,,,,,,,,,,,,,,,,
,,,,,,,,,,,,,,,,,,,,,,,,,,,,,,
,,,,,,,,,,,,,,,,,,,,,,,,,,,,,,
,,,,,,,,,,,,,,,,,,,,,,,,,,,,,,
,,,,,,,,,,,,,,,,,,,,,,,,,,,,,,
,,,,,,,,,,,,,,,,,,,,,,,,,,,,,,
,,,,,,,,,,,,,,,,,,,,,,,,,,,,,,
,,,,,,,,,,,,,,,,,,,,,,,,,,,,,,
,,,,,,,,,,,,,,,,,,,,,,,,,,,,,,
,,,,,,,,,,,,,,,,,,,,,,,,,,,,,,
,,,,,,,,,,,,,,,,,,,,,,,,,,,,,,
,,,,,,,,,,,,,,,,,,,,,,,,,,,,,,
,,,,,,,,,,,,,,,,,,,,,,,,,,,,,,
,,,,,,,,,,,,,,,,,,,,,,,,,,,,,,
,,,,,,,,,,,,,,,,,,,,,,,,,,,,,,
,,,,,,,,,,,,,,,,,,,,,,,,,,,,,,
,,,,,,,,,,,,,,,,,,,,,,,,,,,,,,
,,,,,,,,,,,,,,,,,,,,,,,,,,,,,,
,,,,,,,,,,,,,,,,,,,,,,,,,,,,,,
,,,,,,,,,,,,,,,,,,,,,,,,,,,,,,
,,,,,,,,,,,,,,,,,,,,,,,,,,,,,,
,,,,,,,,,,,,,,,,,,,,,,,,,,,,,,
,,,,,,,,,,,,,,,,,,,,,,,,,,,,,,
,,,,,,,,,,,,,,,,,,,,,,,,,,,,,,
,,,,,,,,,,,,,,,,,,,,,,,,,,,,,,
,,,,,,,,,,,,,,,,,,,,,,,,,,,,,,
,,,,,,,,,,,,,,,,,,,,,,,,,,,,,,
,,,,,,,,,,,,,,,,,,,,,,,,,,,,,,
,,,,,,,,,,,,,,,,,,,,,,,,,,,,,,
,,,,,,,,,,,,,,,,,,,,,,,,,,,,,,
,,,,,,,,,,,,,,,,,,,,,,,,,,,,,,
,,,,,,,,,,,,,,,,,,,,,,,,,,,,,,
,,,,,,,,,,,,,,,,,,,,,,,,,,,,,,
,,,,,,,,,,,,,,,,,,,,,,,,,,,,,,
,,,,,,,,,,,,,,,,,,,,,,,,,,,,,,
,,,,,,,,,,,,,,,,,,,,,,,,,,,,,,
,,,,,,,,,,,,,,,,,,,,,,,,,,,,,,
,,,,,,,,,,,,,,,,,,,,,,,,,,,,,,
,,,,,,,,,,,,,,,,,,,,,,,,,,,,,,
,,,,,,,,,,,,,,,,,,,,,,,,,,,,,,
,,,,,,,,,,,,,,,,,,,,,,,,,,,,,,
,,,,,,,,,,,,,,,,,,,,,,,,,,,,,,
,,,,,,,,,,,,,,,,,,,,,,,,,,,,,,
,,,,,,,,,,,,,,,,,,,,,,,,,,,,,,
,,,,,,,,,,,,,,,,,,,,,,,,,,,,,,
,,,,,,,,,,,,,,,,,,,,,,,,,,,,,,
,,,,,,,,,,,,,,,,,,,,,,,,,,,,,,
,,,,,,,,,,,,,,,,,,,,,,,,,,,,,,
,,,,,,,,,,,,,,,,,,,,,,,,,,,,,,
,,,,,,,,,,,,,,,,,,,,,,,,,,,,,,
,,,,,,,,,,,,,,,,,,,,,,,,,,,,,,
,,,,,,,,,,,,,,,,,,,,,,,,,,,,,,
,,,,,,,,,,,,,,,,,,,,,,,,,,,,,,
,,,,,,,,,,,,,,,,,,,,,,,,,,,,,,
,,,,,,,,,,,,,,,,,,,,,,,,,,,,,,
,,,,,,,,,,,,,,,,,,,,,,,,,,,,,,
,,,,,,,,,,,,,,,,,,,,,,,,,,,,,,
,,,,,,,,,,,,,,,,,,,,,,,,,,,,,,
,,,,,,,,,,,,,,,,,,,,,,,,,,,,,,
,,,,,,,,,,,,,,,,,,,,,,,,,,,,,,
,,,,,,,,,,,,,,,,,,,,,,,,,,,,,,
,,,,,,,,,,,,,,,,,,,,,,,,,,,,,,
,,,,,,,,,,,,,,,,,,,,,,,,,,,,,,
,,,,,,,,,,,,,,,,,,,,,,,,,,,,,,
,,,,,,,,,,,,,,,,,,,,,,,,,,,,,,
,,,,,,,,,,,,,,,,,,,,,,,,,,,,,,
,,,,,,,,,,,,,,,,,,,,,,,,,,,,,,
,,,,,,,,,,,,,,,,,,,,,,,,,,,,,,
,,,,,,,,,,,,,,,,,,,,,,,,,,,,,,
,,,,,,,,,,,,,,,,,,,,,,,,,,,,,,
,,,,,,,,,,,,,,,,,,,,,,,,,,,,,,
,,,,,,,,,,,,,,,,,,,,,,,,,,,,,,
,,,,,,,,,,,,,,,,,,,,,,,,,,,,,,
,,,,,,,,,,,,,,,,,,,,,,,,,,,,,,
,,,,,,,,,,,,,,,,,,,,,,,,,,,,,,
,,,,,,,,,,,,,,,,,,,,,,,,,,,,,,
,,,,,,,,,,,,,,,,,,,,,,,,,,,,,,
,,,,,,,,,,,,,,,,,,,,,,,,,,,,,,
,,,,,,,,,,,,,,,,,,,,,,,,,,,,,,
,,,,,,,,,,,,,,,,,,,,,,,,,,,,,,
,,,,,,,,,,,,,,,,,,,,,,,,,,,,,,
,,,,,,,,,,,,,,,,,,,,,,,,,,,,,,
,,,,,,,,,,,,,,,,,,,,,,,,,,,,,,
,,,,,,,,,,,,,,,,,,,,,,,,,,,,,,
,,,,,,,,,,,,,,,,,,,,,,,,,,,,,,
,,,,,,,,,,,,,,,,,,,,,,,,,,,,,,
,,,,,,,,,,,,,,,,,,,,,,,,,,,,,,
,,,,,,,,,,,,,,,,,,,,,,,,,,,,,,
,,,,,,,,,,,,,,,,,,,,,,,,,,,,,,
,,,,,,,,,,,,,,,,,,,,,,,,,,,,,,
,,,,,,,,,,,,,,,,,,,,,,,,,,,,,,
,,,,,,,,,,,,,,,,,,,,,,,,,,,,,,
,,,,,,,,,,,,,,,,,,,,,,,,,,,,,,
,,,,,,,,,,,,,,,,,,,,,,,,,,,,,,
,,,,,,,,,,,,,,,,,,,,,,,,,,,,,,
,,,,,,,,,,,,,,,,,,,,,,,,,,,,,,
,,,,,,,,,,,,,,,,,,,,,,,,,,,,,,
,,,,,,,,,,,,,,,,,,,,,,,,,,,,,,
,,,,,,,,,,,,,,,,,,,,,,,,,,,,,,
,,,,,,,,,,,,,,,,,,,,,,,,,,,,,,
,,,,,,,,,,,,,,,,,,,,,,,,,,,,,,
,,,,,,,,,,,,,,,,,,,,,,,,,,,,,,
,,,,,,,,,,,,,,,,,,,,,,,,,,,,,,
,,,,,,,,,,,,,,,,,,,,,,,,,,,,,,
,,,,,,,,,,,,,,,,,,,,,,,,,,,,,,
,,,,,,,,,,,,,,,,,,,,,,,,,,,,,,
,,,,,,,,,,,,,,,,,,,,,,,,,,,,,,
,,,,,,,,,,,,,,,,,,,,,,,,,,,,,,
,,,,,,,,,,,,,,,,,,,,,,,,,,,,,,
,,,,,,,,,,,,,,,,,,,,,,,,,,,,,,
,,,,,,,,,,,,,,,,,,,,,,,,,,,,,,
,,,,,,,,,,,,,,,,,,,,,,,,,,,,,,
,,,,,,,,,,,,,,,,,,,,,,,,,,,,,,
,,,,,,,,,,,,,,,,,,,,,,,,,,,,,,
,,,,,,,,,,,,,,,,,,,,,,,,,,,,,,
,,,,,,,,,,,,,,,,,,,,,,,,,,,,,,
,,,,,,,,,,,,,,,,,,,,,,,,,,,,,,
,,,,,,,,,,,,,,,,,,,,,,,,,,,,,,
,,,,,,,,,,,,,,,,,,,,,,,,,,,,,,
,,,,,,,,,,,,,,,,,,,,,,,,,,,,,,
,,,,,,,,,,,,,,,,,,,,,,,,,,,,,,
,,,,,,,,,,,,,,,,,,,,,,,,,,,,,,
,,,,,,,,,,,,,,,,,,,,,,,,,,,,,,
,,,,,,,,,,,,,,,,,,,,,,,,,,,,,,
,,,,,,,,,,,,,,,,,,,,,,,,,,,,,,
,,,,,,,,,,,,,,,,,,,,,,,,,,,,,,
,,,,,,,,,,,,,,,,,,,,,,,,,,,,,,
,,,,,,,,,,,,,,,,,,,,,,,,,,,,,,
,,,,,,,,,,,,,,,,,,,,,,,,,,,,,,
,,,,,,,,,,,,,,,,,,,,,,,,,,,,,,
,,,,,,,,,,,,,,,,,,,,,,,,,,,,,,
,,,,,,,,,,,,,,,,,,,,,,,,,,,,,,
,,,,,,,,,,,,,,,,,,,,,,,,,,,,,,
,,,,,,,,,,,,,,,,,,,,,,,,,,,,,,
,,,,,,,,,,,,,,,,,,,,,,,,,,,,,,
,,,,,,,,,,,,,,,,,,,,,,,,,,,,,,
,,,,,,,,,,,,,,,,,,,,,,,,,,,,,,
,,,,,,,,,,,,,,,,,,,,,,,,,,,,,,
,,,,,,,,,,,,,,,,,,,,,,,,,,,,,,
,,,,,,,,,,,,,,,,,,,,,,,,,,,,,,
,,,,,,,,,,,,,,,,,,,,,,,,,,,,,,
,,,,,,,,,,,,,,,,,,,,,,,,,,,,,,
,,,,,,,,,,,,,,,,,,,,,,,,,,,,,,
,,,,,,,,,,,,,,,,,,,,,,,,,,,,,,
,,,,,,,,,,,,,,,,,,,,,,,,,,,,,,
,,,,,,,,,,,,,,,,,,,,,,,,,,,,,,
,,,,,,,,,,,,,,,,,,,,,,,,,,,,,,
,,,,,,,,,,,,,,,,,,,,,,,,,,,,,,
,,,,,,,,,,,,,,,,,,,,,,,,,,,,,,
,,,,,,,,,,,,,,,,,,,,,,,,,,,,,,
,,,,,,,,,,,,,,,,,,,,,,,,,,,,,,
,,,,,,,,,,,,,,,,,,,,,,,,,,,,,,
,,,,,,,,,,,,,,,,,,,,,,,,,,,,,,
,,,,,,,,,,,,,,,,,,,,,,,,,,,,,,
,,,,,,,,,,,,,,,,,,,,,,,,,,,,,,
,,,,,,,,,,,,,,,,,,,,,,,,,,,,,,
,,,,,,,,,,,,,,,,,,,,,,,,,,,,,,
,,,,,,,,,,,,,,,,,,,,,,,,,,,,,,
,,,,,,,,,,,,,,,,,,,,,,,,,,,,,,
,,,,,,,,,,,,,,,,,,,,,,,,,,,,,,
,,,,,,,,,,,,,,,,,,,,,,,,,,,,,,
,,,,,,,,,,,,,,,,,,,,,,,,,,,,,,
,,,,,,,,,,,,,,,,,,,,,,,,,,,,,,
,,,,,,,,,,,,,,,,,,,,,,,,,,,,,,
,,,,,,,,,,,,,,,,,,,,,,,,,,,,,,
,,,,,,,,,,,,,,,,,,,,,,,,,,,,,,
,,,,,,,,,,,,,,,,,,,,,,,,,,,,,,
,,,,,,,,,,,,,,,,,,,,,,,,,,,,,,
,,,,,,,,,,,,,,,,,,,,,,,,,,,,,,
,,,,,,,,,,,,,,,,,,,,,,,,,,,,,,
,,,,,,,,,,,,,,,,,,,,,,,,,,,,,,
,,,,,,,,,,,,,,,,,,,,,,,,,,,,,,
,,,,,,,,,,,,,,,,,,,,,,,,,,,,,,
,,,,,,,,,,,,,,,,,,,,,,,,,,,,,,
,,,,,,,,,,,,,,,,,,,,,,,,,,,,,,
,,,,,,,,,,,,,,,,,,,,,,,,,,,,,,
,,,,,,,,,,,,,,,,,,,,,,,,,,,,,,
,,,,,,,,,,,,,,,,,,,,,,,,,,,,,,
,,,,,,,,,,,,,,,,,,,,,,,,,,,,,,
,,,,,,,,,,,,,,,,,,,,,,,,,,,,,,
,,,,,,,,,,,,,,,,,,,,,,,,,,,,,,
,,,,,,,,,,,,,,,,,,,,,,,,,,,,,,
,,,,,,,,,,,,,,,,,,,,,,,,,,,,,,
,,,,,,,,,,,,,,,,,,,,,,,,,,,,,,
,,,,,,,,,,,,,,,,,,,,,,,,,,,,,,
,,,,,,,,,,,,,,,,,,,,,,,,,,,,,,
,,,,,,,,,,,,,,,,,,,,,,,,,,,,,,
,,,,,,,,,,,,,,,,,,,,,,,,,,,,,,
,,,,,,,,,,,,,,,,,,,,,,,,,,,,,,
,,,,,,,,,,,,,,,,,,,,,,,,,,,,,,
,,,,,,,,,,,,,,,,,,,,,,,,,,,,,,
,,,,,,,,,,,,,,,,,,,,,,,,,,,,,,
,,,,,,,,,,,,,,,,,,,,,,,,,,,,,,
,,,,,,,,,,,,,,,,,,,,,,,,,,,,,,
,,,,,,,,,,,,,,,,,,,,,,,,,,,,,,
,,,,,,,,,,,,,,,,,,,,,,,,,,,,,,
,,,,,,,,,,,,,,,,,,,,,,,,,,,,,,
,,,,,,,,,,,,,,,,,,,,,,,,,,,,,,
,,,,,,,,,,,,,,,,,,,,,,,,,,,,,,
,,,,,,,,,,,,,,,,,,,,,,,,,,,,,,
,,,,,,,,,,,,,,,,,,,,,,,,,,,,,,
,,,,,,,,,,,,,,,,,,,,,,,,,,,,,,
,,,,,,,,,,,,,,,,,,,,,,,,,,,,,,
,,,,,,,,,,,,,,,,,,,,,,,,,,,,,,
,,,,,,,,,,,,,,,,,,,,,,,,,,,,,,
,,,,,,,,,,,,,,,,,,,,,,,,,,,,,,
,,,,,,,,,,,,,,,,,,,,,,,,,,,,,,
,,,,,,,,,,,,,,,,,,,,,,,,,,,,,,
,,,,,,,,,,,,,,,,,,,,,,,,,,,,,,
,,,,,,,,,,,,,,,,,,,,,,,,,,,,,,
,,,,,,,,,,,,,,,,,,,,,,,,,,,,,,
,,,,,,,,,,,,,,,,,,,,,,,,,,,,,,
,,,,,,,,,,,,,,,,,,,,,,,,,,,,,,
,,,,,,,,,,,,,,,,,,,,,,,,,,,,,,
,,,,,,,,,,,,,,,,,,,,,,,,,,,,,,
,,,,,,,,,,,,,,,,,,,,,,,,,,,,,,
,,,,,,,,,,,,,,,,,,,,,,,,,,,,,,
,,,,,,,,,,,,,,,,,,,,,,,,,,,,,,
,,,,,,,,,,,,,,,,,,,,,,,,,,,,,,
,,,,,,,,,,,,,,,,,,,,,,,,,,,,,,
,,,,,,,,,,,,,,,,,,,,,,,,,,,,,,
,,,,,,,,,,,,,,,,,,,,,,,,,,,,,,
,,,,,,,,,,,,,,,,,,,,,,,,,,,,,,
,,,,,,,,,,,,,,,,,,,,,,,,,,,,,,
,,,,,,,,,,,,,,,,,,,,,,,,,,,,,,
,,,,,,,,,,,,,,,,,,,,,,,,,,,,,,
,,,,,,,,,,,,,,,,,,,,,,,,,,,,,,
,,,,,,,,,,,,,,,,,,,,,,,,,,,,,,
,,,,,,,,,,,,,,,,,,,,,,,,,,,,,,
,,,,,,,,,,,,,,,,,,,,,,,,,,,,,,
,,,,,,,,,,,,,,,,,,,,,,,,,,,,,,
,,,,,,,,,,,,,,,,,,,,,,,,,,,,,,
,,,,,,,,,,,,,,,,,,,,,,,,,,,,,,
,,,,,,,,,,,,,,,,,,,,,,,,,,,,,,
,,,,,,,,,,,,,,,,,,,,,,,,,,,,,,
,,,,,,,,,,,,,,,,,,,,,,,,,,,,,,
,,,,,,,,,,,,,,,,,,,,,,,,,,,,,,
,,,,,,,,,,,,,,,,,,,,,,,,,,,,,,
,,,,,,,,,,,,,,,,,,,,,,,,,,,,,,
,,,,,,,,,,,,,,,,,,,,,,,,,,,,,,
,,,,,,,,,,,,,,,,,,,,,,,,,,,,,,
,,,,,,,,,,,,,,,,,,,,,,,,,,,,,,
,,,,,,,,,,,,,,,,,,,,,,,,,,,,,,
,,,,,,,,,,,,,,,,,,,,,,,,,,,,,,
,,,,,,,,,,,,,,,,,,,,,,,,,,,,,,
,,,,,,,,,,,,,,,,,,,,,,,,,,,,,,
,,,,,,,,,,,,,,,,,,,,,,,,,,,,,,
,,,,,,,,,,,,,,,,,,,,,,,,,,,,,,
,,,,,,,,,,,,,,,,,,,,,,,,,,,,,,
,,,,,,,,,,,,,,,,,,,,,,,,,,,,,,
,,,,,,,,,,,,,,,,,,,,,,,,,,,,,,
,,,,,,,,,,,,,,,,,,,,,,,,,,,,,,
,,,,,,,,,,,,,,,,,,,,,,,,,,,,,,
,,,,,,,,,,,,,,,,,,,,,,,,,,,,,,
,,,,,,,,,,,,,,,,,,,,,,,,,,,,,,
,,,,,,,,,,,,,,,,,,,,,,,,,,,,,,
,,,,,,,,,,,,,,,,,,,,,,,,,,,,,,
,,,,,,,,,,,,,,,,,,,,,,,,,,,,,,
,,,,,,,,,,,,,,,,,,,,,,,,,,,,,,
,,,,,,,,,,,,,,,,,,,,,,,,,,,,,,
,,,,,,,,,,,,,,,,,,,,,,,,,,,,,,
,,,,,,,,,,,,,,,,,,,,,,,,,,,,,,
,,,,,,,,,,,,,,,,,,,,,,,,,,,,,,
,,,,,,,,,,,,,,,,,,,,,,,,,,,,,,
